Facility Unique Identifier,Facility Market,Business Line,2024-01,2024-02,2024-03,2024-04,2024-05,2024-06,2024-07,2024-08,2024-09,2024-10,2024-11,2024-12
_n/a,_n/a,Minnesota Geriatrics,0,1,1,0,4,4,3,6,5,6,6,6
F533,Minnesota,Minnesota ADAPT,4,4,4,4,4,4,4,4,4,4,4,4
F44,Minnesota,Minnesota ADAPT,2,2,2,2,2,2,2,2,2,2,2,2
F1183,Minnesota,_n/a,0,0,0,0,0,0,0,0,0,0,0,0
F62,Wisconsin,Wisconsin Geriatrics,15,15,15,15,16,14,13,13,12,13,12,12
F1184,Minnesota,_n/a,0,0,0,0,0,0,0,0,0,0,0,0
F411,Florida,Florida Geriatrics,31,33,35,36,35,31,30,28,27,26,25,24
F1130,Minnesota,Minnesota ADAPT,0,0,0,0,0,0,0,0,2,4,5,5
F634,Wisconsin,Wisconsin Geriatrics,21,19,20,18,17,17,15,15,16,18,19,18
F1027,Minnesota,Minnesota ADAPT,0,0,2,5,8,6,6,5,5,6,6,5
F1066,Minnesota,Minnesota ADAPT,1,0,0,0,1,2,2,2,1,1,1,1
F712,Wisconsin,Wisconsin Geriatrics,11,14,14,12,14,16,16,16,13,14,11,14
F728,Minnesota,Minnesota ADAPT,1,1,1,1,1,1,1,1,1,1,1,1
F382,Minnesota,Minnesota ADAPT,1,1,1,1,1,1,1,1,1,1,1,1
F291,Minnesota,Minnesota ADAPT,2,2,1,1,1,1,1,1,1,1,1,1
F941,Minnesota,Minnesota ADAPT,2,3,3,3,3,3,3,3,3,3,3,3
F534,Wisconsin,Wisconsin Geriatrics,23,24,24,25,24,23,24,26,25,22,24,25
F1087,Minnesota,Minnesota Geriatrics,0,0,0,0,3,3,3,3,3,4,4,4
F539,Wisconsin,Wisconsin Geriatrics,31,31,32,32,31,30,29,27,27,29,31,29
F1039,Minnesota,Minnesota ADAPT,0,0,0,1,1,1,1,1,1,1,1,1
F1142,Minnesota,Minnesota ADAPT,0,0,0,0,0,0,0,0,0,4,4,5
F1185,Minnesota,_n/a,0,0,0,0,0,0,0,0,0,0,0,0
F64,Minnesota,Minnesota Geriatrics,24,26,23,24,25,25,26,26,25,28,27,28
F248,Minnesota,Minnesota Geriatrics,63,64,62,66,65,68,67,65,65,64,60,60
F1186,Florida,_n/a,0,0,0,0,0,0,0,0,0,0,0,0
F90,Minnesota,Minnesota Geriatrics,86,89,65,65,63,65,63,66,66,67,66,63
F489,Minnesota,Minnesota Geriatrics,62,58,57,58,63,65,63,58,61,61,58,58
F378,Minnesota,Minnesota Geriatrics,42,42,43,41,47,47,51,52,54,55,55,56
F385,Minnesota,Minnesota Geriatrics,38,41,41,40,41,39,39,37,42,41,38,37
F397,Minnesota,Minnesota ADAPT,3,3,3,3,3,2,2,2,2,2,2,2
F942,Minnesota,Minnesota ADAPT,3,3,3,3,3,3,3,3,3,3,3,3
F1187,Minnesota,_n/a,0,0,0,0,0,0,0,0,0,0,0,0
F79,Minnesota,Minnesota Geriatrics,14,14,14,14,14,14,14,12,11,11,11,10
F969,Minnesota,Minnesota ADAPT,2,2,3,3,3,3,2,2,3,3,3,3
F680,Minnesota,Minnesota ADAPT,1,1,1,1,1,1,1,1,1,1,1,1
F1110,Minnesota,Minnesota ADAPT,0,0,0,0,0,0,2,1,1,1,0,0
F185,Florida,Florida Geriatrics,7,7,7,7,6,5,5,5,5,3,0,0
F91,Wisconsin,Wisconsin Geriatrics,48,54,51,55,51,53,58,59,60,59,55,58
F11,Minnesota,Minnesota Geriatrics,17,17,19,18,17,19,16,15,15,13,13,14
F744,Minnesota,Minnesota ADAPT,3,3,3,3,3,3,3,3,3,3,3,3
F244,Minnesota,Minnesota ADAPT,3,3,3,3,3,3,2,2,2,2,2,2
F504,Minnesota,Minnesota ADAPT,3,3,2,2,2,2,2,2,2,2,2,2
F1188,Minnesota,_n/a,0,0,0,0,0,0,0,0,0,0,0,0
F204,Florida,Florida Geriatrics,34,33,32,32,35,33,35,35,35,35,33,32
F599,Minnesota,Minnesota Geriatrics,17,20,19,18,21,21,22,26,27,29,25,24
F1189,Minnesota,_n/a,0,0,0,0,0,0,0,0,0,0,0,0
F538,Wisconsin,Wisconsin Geriatrics,18,17,16,18,19,16,16,16,17,17,15,16
F945,Minnesota,Minnesota ADAPT,2,2,2,2,2,2,2,2,2,2,2,2
F113,Minnesota,Minnesota ADAPT,4,4,4,4,4,4,4,4,4,4,4,5
F967,Minnesota,Minnesota ADAPT,1,1,1,1,1,1,1,1,1,1,1,1
F86,Florida,Florida Geriatrics,39,39,42,42,44,43,39,38,36,35,35,32
F288,Minnesota,Minnesota Geriatrics,48,48,49,49,51,54,53,54,53,54,54,54
F420,Minnesota,Minnesota Geriatrics,18,17,17,20,34,36,38,35,36,37,39,38
F988,Minnesota,Minnesota ADAPT,0,0,1,2,1,1,1,1,0,0,0,0
F174,Wisconsin,Wisconsin Geriatrics,13,14,14,11,10,9,9,0,0,0,0,0
F366,Minnesota,Minnesota ADAPT,3,3,3,3,3,3,3,3,3,3,3,3
F816,Minnesota,Minnesota ADAPT,4,4,4,4,4,4,4,4,4,4,4,4
F1057,Florida,Florida Geriatrics,0,0,0,1,6,7,8,13,13,15,17,20
F861,Minnesota,Minnesota ADAPT,2,2,1,1,1,1,1,1,1,1,1,1
F848,Florida,Florida Geriatrics,5,3,3,4,4,2,1,2,8,10,10,9
F405,Minnesota,Minnesota Geriatrics,13,13,12,12,12,12,12,8,9,9,9,9
F1122,Minnesota,Minnesota ADAPT,0,0,0,0,0,1,1,1,1,1,1,1
F140,Florida,Florida Geriatrics,21,22,22,20,23,21,21,19,19,19,20,19
F441,Wisconsin,Wisconsin Geriatrics,21,22,23,22,24,27,29,29,28,24,24,23
F417,Wisconsin,Wisconsin Geriatrics,13,14,14,16,15,14,15,15,15,15,15,15
F759,Minnesota,Minnesota ADAPT,1,1,1,0,0,0,0,0,0,0,0,0
F937,Florida,Florida Geriatrics,0,1,0,0,0,0,0,0,0,0,0,0
F103,Florida,Florida Geriatrics,38,37,37,36,37,43,40,37,37,34,30,28
F779,Minnesota,Minnesota ADAPT,3,3,3,4,4,4,4,4,4,4,4,4
F851,Minnesota,Minnesota ADAPT,2,2,2,2,2,2,2,2,2,2,2,2
F854,Minnesota,Minnesota ADAPT,1,1,1,1,1,1,1,1,1,1,1,1
F621,Minnesota,Minnesota Geriatrics,6,7,9,9,10,11,11,11,13,13,14,14
F300,Wisconsin,Wisconsin Geriatrics,28,27,25,29,31,31,31,32,33,30,31,31
F24,Minnesota,Minnesota Geriatrics,18,18,19,19,21,21,23,25,25,22,20,21
F1190,Minnesota,_n/a,0,0,0,0,0,0,0,0,0,0,0,0
F567,Minnesota,Minnesota ADAPT,2,2,2,2,2,2,2,2,2,1,1,2
F597,Florida,Florida Geriatrics,21,19,21,23,25,24,24,21,24,23,19,21
F57,Minnesota,Minnesota ADAPT,1,1,3,3,4,4,4,4,3,3,3,3
F1191,Minnesota,Minnesota Geriatrics,21,0,0,0,0,0,0,0,0,0,0,0
F522,Minnesota,Minnesota ADAPT,1,1,1,1,1,1,1,1,1,1,1,1
F134,Minnesota,Minnesota ADAPT,14,14,14,14,14,14,14,14,14,14,14,14
F736,Minnesota,Minnesota ADAPT,3,3,3,4,4,4,4,3,3,3,3,3
F476,Minnesota,Minnesota ADAPT,25,25,24,25,26,26,24,24,24,24,24,23
F1031,Minnesota,Minnesota Geriatrics,0,0,27,29,29,31,31,32,31,31,36,37
F264,Minnesota,Minnesota ADAPT,1,1,1,1,1,1,1,1,1,1,1,1
F1086,Florida,Florida Geriatrics,0,0,0,0,0,1,0,0,1,0,0,0
F448,Florida,Florida Geriatrics,3,3,3,3,3,3,3,3,3,3,3,3
F883,Minnesota,Minnesota ADAPT,1,1,1,1,1,1,1,1,1,1,1,1
F1098,Minnesota,Minnesota ADAPT,0,0,0,0,0,0,2,2,2,2,2,2
F320,Minnesota,Minnesota Geriatrics,31,31,32,30,35,36,37,37,37,38,39,39
F407,Florida,Florida Geriatrics,46,41,40,37,36,35,35,35,34,32,29,27
F40,Minnesota,Minnesota Geriatrics,16,17,16,16,15,16,16,16,15,16,15,15
F283,Minnesota,Minnesota ADAPT,4,4,4,4,3,3,3,4,4,4,4,4
F706,Minnesota,Minnesota ADAPT,4,4,4,3,4,4,4,4,4,4,4,4
F629,Minnesota,Minnesota ADAPT,1,1,1,1,1,1,1,1,1,1,1,1
F341,Wisconsin,Wisconsin Geriatrics,16,17,16,17,17,16,16,16,18,18,19,16
F123,Minnesota,Minnesota Geriatrics,62,63,62,60,60,61,65,62,63,64,65,62
F493,Minnesota,Minnesota Geriatrics,21,18,18,18,16,15,14,15,15,15,8,8
F58,Minnesota,Minnesota ADAPT,2,2,2,2,2,2,2,2,2,2,2,2
F1179,Minnesota,Minnesota ADAPT,0,0,0,0,0,0,0,0,0,0,0,1
F428,Wisconsin,Wisconsin Geriatrics,11,11,11,12,13,11,12,13,11,12,13,13
F652,Minnesota,Minnesota ADAPT,2,2,2,2,2,2,2,1,1,2,2,2
F1165,Minnesota,Minnesota ADAPT,0,0,0,0,0,0,0,0,0,0,1,1
F602,Wisconsin,Wisconsin Geriatrics,12,12,14,14,14,16,19,18,17,19,20,20
F876,Minnesota,Minnesota Geriatrics,7,7,8,10,11,12,12,13,15,18,18,19
F612,Minnesota,Minnesota ADAPT,1,1,1,1,1,1,1,1,1,1,1,1
F1105,Minnesota,Minnesota Geriatrics,0,0,0,0,0,0,0,1,2,4,5,6
F1192,Minnesota,_n/a,0,0,0,0,0,0,0,0,0,0,0,0
F1085,Florida,Florida Geriatrics,0,0,0,0,1,5,14,19,18,22,21,21
F187,Minnesota,Minnesota Geriatrics,49,48,48,49,49,50,54,54,54,53,51,51
F238,Minnesota,Minnesota Geriatrics,43,45,47,44,41,46,46,43,42,42,42,43
F651,Wisconsin,Wisconsin Geriatrics,9,7,8,8,11,13,12,10,12,13,13,11
F983,Minnesota,Minnesota ADAPT,0,1,1,4,3,3,3,3,3,3,3,3
F456,Minnesota,Minnesota Geriatrics,28,27,28,28,28,28,28,29,30,30,32,33
F1019,Minnesota,Minnesota ADAPT,4,4,4,4,4,4,4,4,4,4,4,4
F217,Wisconsin,Wisconsin Geriatrics,16,19,25,29,29,30,29,35,35,41,42,37
F142,Minnesota,Minnesota Geriatrics,34,31,31,31,29,29,30,29,28,25,25,24
F1159,Minnesota,Minnesota ADAPT,0,0,0,0,0,0,0,0,0,0,2,2
F1141,Minnesota,Minnesota Geriatrics,0,0,0,0,0,0,0,0,0,7,9,8
F41,Minnesota,Minnesota Geriatrics,45,45,47,45,45,44,43,41,40,40,41,40
F1193,Minnesota,_n/a,0,0,0,0,0,0,0,0,0,0,0,0
F870,Minnesota,Minnesota ADAPT,2,2,2,2,2,2,2,2,2,2,2,2
F1063,Wisconsin,Minnesota Geriatrics,3,3,3,3,3,3,0,0,0,0,0,0
F789,Florida,Florida Geriatrics,3,4,4,6,6,6,6,6,6,6,0,0
F772,Minnesota,Minnesota ADAPT,2,2,2,2,2,2,2,2,2,2,2,2
F594,Minnesota,Minnesota Geriatrics,14,13,17,15,17,15,17,14,14,18,21,23
F601,Wisconsin,Wisconsin Geriatrics,12,12,13,14,14,12,12,13,12,13,11,11
F189,Florida,Florida Geriatrics,11,13,13,13,13,14,16,15,15,15,15,19
F449,Minnesota,Minnesota Geriatrics,47,45,47,48,50,48,47,46,47,46,48,45
F1194,Minnesota,_n/a,0,0,0,0,0,0,0,0,0,0,0,0
F859,Florida,Florida Geriatrics,2,2,2,4,4,4,4,4,4,4,4,6
F227,Florida,Florida Geriatrics,46,46,42,40,42,43,46,46,44,45,44,45
F1069,Florida,Florida Geriatrics,0,0,0,0,2,4,5,8,11,14,13,13
F1195,Minnesota,_n/a,0,0,0,0,0,0,0,0,0,0,0,0
F266,Minnesota,Minnesota ADAPT,3,2,2,2,2,2,2,2,2,2,3,3
F717,Minnesota,Minnesota ADAPT,1,1,1,1,1,1,1,1,1,1,1,1
F1072,Minnesota,Minnesota ADAPT,0,0,0,0,1,0,0,0,0,0,0,0
F278,Minnesota,Minnesota Geriatrics,7,7,7,7,7,7,8,8,8,8,8,8
F1108,Minnesota,Minnesota Geriatrics,0,0,0,0,0,0,0,5,5,5,5,5
F170,Minnesota,Minnesota Geriatrics,93,97,97,91,91,94,91,89,91,89,83,68
F1196,Minnesota,Minnesota ADAPT,0,0,0,0,0,0,0,0,0,0,0,1
F461,Minnesota,Minnesota ADAPT,2,2,2,2,2,2,2,2,2,2,2,2
F463,Minnesota,Minnesota ADAPT,6,6,6,6,6,5,6,6,6,5,5,4
F52,Wisconsin,Wisconsin Geriatrics,10,11,11,12,12,11,11,10,9,10,11,11
F312,Florida,Florida Geriatrics,32,31,32,30,33,30,31,29,33,30,31,30
F523,Minnesota,Minnesota Geriatrics,19,18,18,19,17,17,18,20,21,20,22,22
F25,Minnesota,Minnesota Geriatrics,12,13,17,18,22,25,27,23,23,24,27,28
F1032,Florida,Florida Geriatrics,0,0,0,3,5,9,10,10,10,13,17,17
F1197,Minnesota,_n/a,0,0,0,0,0,0,0,0,0,0,0,0
F135,Minnesota,Minnesota Geriatrics,45,45,43,46,49,49,50,53,54,49,48,51
F831,Wisconsin,Wisconsin Geriatrics,1,1,1,1,1,1,2,2,2,2,2,2
F26,Florida,Florida Geriatrics,4,4,4,4,4,4,3,3,0,0,0,0
F540,Minnesota,Minnesota ADAPT,2,2,2,2,2,2,2,2,2,2,2,2
F120,Wisconsin,Wisconsin Geriatrics,39,40,42,40,38,35,35,35,34,30,29,28
F1156,Minnesota,Minnesota ADAPT,0,0,0,0,0,0,0,0,0,0,1,1
F1139,Minnesota,Minnesota Geriatrics,0,0,0,0,0,0,0,0,0,4,4,4
F301,Wisconsin,Wisconsin Geriatrics,19,21,22,27,27,27,28,26,26,28,28,27
F585,Minnesota,Minnesota ADAPT,2,2,2,2,2,2,2,2,2,2,2,2
F193,Minnesota,Minnesota Geriatrics,34,33,30,29,29,30,32,32,32,33,30,30
F1198,Minnesota,_n/a,0,0,0,0,0,0,0,0,1,0,0,0
F1005,Minnesota,Minnesota ADAPT,4,4,4,4,4,4,4,4,4,4,4,4
F797,Minnesota,Minnesota ADAPT,1,1,1,1,1,1,1,1,1,1,1,1
F234,Wisconsin,Wisconsin Geriatrics,27,26,25,24,24,24,25,24,25,25,25,24
F571,Minnesota,Minnesota ADAPT,1,1,1,1,1,1,1,1,1,1,1,1
F1199,Minnesota,Minnesota ADAPT,0,0,0,0,0,0,0,0,0,0,0,0
F8,Minnesota,Minnesota ADAPT,3,3,3,3,4,4,3,2,2,2,2,2
F1003,Minnesota,Minnesota ADAPT,1,1,1,1,1,1,1,1,1,1,1,1
F1131,Minnesota,Minnesota Geriatrics,0,0,0,0,0,0,0,0,5,10,10,10
F267,Minnesota,Minnesota ADAPT,4,4,4,4,4,4,3,4,4,4,4,4
F598,Minnesota,Minnesota Geriatrics,30,35,36,35,36,37,35,35,37,36,36,36
F840,Minnesota,Minnesota ADAPT,1,1,1,1,1,1,1,1,1,1,1,1
F794,Minnesota,Minnesota ADAPT,4,4,4,4,4,4,4,4,4,4,4,4
F1115,Minnesota,Minnesota ADAPT,0,0,0,0,0,0,0,1,1,1,1,1
F67,Minnesota,Minnesota Geriatrics,6,3,3,4,4,4,2,1,1,1,1,1
F588,Minnesota,Minnesota ADAPT,2,2,2,2,2,2,2,2,2,2,2,2
F314,Florida,Florida Geriatrics,54,53,54,56,61,64,65,66,66,71,71,70
F715,Minnesota,Minnesota ADAPT,4,4,4,4,4,4,4,4,4,3,3,3
F987,Minnesota,Minnesota ADAPT,1,1,1,1,1,1,1,1,1,1,1,1
F1200,Minnesota,_n/a,0,0,0,0,0,0,0,0,0,0,0,0
F1201,Minnesota,_n/a,0,0,0,0,0,0,0,0,0,0,0,0
F648,Minnesota,Minnesota ADAPT,3,3,3,3,3,3,3,3,3,3,3,3
F791,Minnesota,Minnesota ADAPT,1,1,1,1,1,1,1,1,1,1,1,1
F573,Minnesota,Minnesota Geriatrics,17,16,15,18,18,18,18,18,19,19,19,19
F595,Wisconsin,Minnesota Geriatrics,23,23,23,23,22,22,23,22,22,22,22,21
F1017,Minnesota,Minnesota ADAPT,1,1,1,1,1,1,1,1,1,1,1,1
F762,Wisconsin,Wisconsin Geriatrics,3,3,3,3,3,3,3,4,4,4,4,5
F921,Minnesota,Minnesota ADAPT,4,4,4,4,4,4,4,4,4,4,4,4
F18,Minnesota,Minnesota ADAPT,2,2,2,2,2,2,2,2,2,2,2,2
F369,Wisconsin,Minnesota Geriatrics,37,34,30,30,31,31,30,30,30,31,30,29
F97,Florida,Florida Geriatrics,34,37,38,40,40,41,43,43,44,44,46,46
F1088,Minnesota,Minnesota ADAPT,0,0,0,0,0,1,1,1,1,1,1,1
F94,Florida,Florida Geriatrics,12,11,10,10,9,9,9,9,0,0,0,0
F1171,Minnesota,Minnesota ADAPT,0,0,0,0,0,0,0,0,0,0,2,3
F1093,Florida,Florida Geriatrics,0,0,0,0,1,1,1,1,1,1,1,1
F101,Florida,Florida Geriatrics,27,0,0,0,0,0,0,0,0,0,0,0
F871,Minnesota,Minnesota ADAPT,1,1,1,1,1,1,1,1,1,1,1,1
F675,Minnesota,Minnesota ADAPT,4,4,4,4,4,4,4,4,3,1,1,0
F846,Minnesota,Minnesota ADAPT,3,3,3,3,3,3,3,3,3,3,2,2
F739,Minnesota,Minnesota ADAPT,6,6,6,6,6,6,6,6,6,6,6,6
F513,Florida,Florida Geriatrics,11,11,11,11,12,10,12,11,10,0,0,0
F1034,Florida,Florida Geriatrics,0,0,0,1,0,0,0,0,0,0,0,0
F423,Minnesota,Minnesota ADAPT,3,3,3,3,3,2,2,2,2,2,2,2
F635,Florida,Florida Geriatrics,2,4,4,5,6,8,10,11,10,11,12,12
F431,Wisconsin,Wisconsin Geriatrics,56,56,56,52,51,51,51,52,52,55,56,55
F182,Florida,Florida Geriatrics,28,27,30,33,30,32,31,34,35,36,35,35
F480,Minnesota,Minnesota ADAPT,3,3,3,3,3,3,3,3,3,3,3,3
F38,Minnesota,Minnesota Geriatrics,31,31,32,35,36,36,39,40,40,36,38,36
F808,Wisconsin,Wisconsin Geriatrics,12,13,12,11,10,10,9,9,9,0,0,0
F1043,Minnesota,Minnesota ADAPT,0,0,0,4,4,4,4,5,5,4,4,4
F1177,Minnesota,Minnesota ADAPT,0,0,0,0,0,0,0,0,0,0,2,2
F1089,Minnesota,Minnesota Geriatrics,0,0,0,0,0,3,5,14,23,23,24,23
F235,Minnesota,Minnesota Geriatrics,34,35,36,35,36,35,36,37,37,39,39,39
F1004,Minnesota,Minnesota ADAPT,1,1,1,1,1,0,0,0,0,0,0,0
F955,Minnesota,Minnesota ADAPT,2,2,2,2,2,2,2,2,2,2,1,1
F750,Minnesota,Minnesota ADAPT,4,4,4,4,4,4,4,4,4,4,4,4
F906,Minnesota,Minnesota ADAPT,4,4,3,3,3,3,3,3,3,3,3,3
F641,Minnesota,Minnesota ADAPT,1,1,1,1,1,1,1,1,1,1,1,1
F168,Minnesota,Minnesota ADAPT,56,56,54,52,49,53,48,46,46,46,50,49
F116,Wisconsin,Wisconsin Geriatrics,51,50,51,53,53,54,50,53,52,53,53,53
F319,Wisconsin,Wisconsin Geriatrics,27,29,29,29,27,30,29,29,29,30,31,32
F973,Minnesota,Minnesota ADAPT,2,2,2,2,2,2,2,2,2,2,2,2
F623,Wisconsin,Wisconsin Geriatrics,3,2,1,1,1,0,0,0,0,0,0,0
F157,Wisconsin,Wisconsin Geriatrics,37,37,37,36,36,36,38,38,37,36,36,39
F1202,Minnesota,Minnesota ADAPT,0,0,0,0,0,0,0,0,0,0,0,0
F977,Minnesota,Minnesota ADAPT,2,2,2,2,2,2,2,2,2,2,2,2
F781,Minnesota,Minnesota ADAPT,2,2,2,2,2,2,2,2,2,2,2,2
F910,Minnesota,Minnesota ADAPT,0,2,1,1,1,1,1,1,1,1,1,1
F742,Minnesota,Minnesota ADAPT,1,1,1,1,1,1,1,1,1,1,1,1
F419,Minnesota,Minnesota Geriatrics,30,29,0,0,0,0,0,0,0,0,0,0
F326,Minnesota,Minnesota Geriatrics,55,55,55,55,55,55,57,60,59,58,57,59
F528,Wisconsin,Wisconsin Geriatrics,22,22,21,21,22,23,23,24,23,23,25,23
F207,Minnesota,Minnesota Geriatrics,24,23,24,26,27,27,31,31,32,32,30,29
F355,Minnesota,Minnesota ADAPT,4,4,4,3,3,3,3,4,3,4,4,4
F1173,Florida,Florida Geriatrics,0,0,0,0,0,0,0,0,0,2,2,2
F224,Minnesota,Minnesota Geriatrics,39,38,37,40,36,35,37,36,35,33,33,31
F143,Florida,Florida Geriatrics,9,8,6,6,5,6,6,6,6,6,6,5
F544,Florida,Florida Geriatrics,22,25,28,27,27,23,18,18,20,20,20,20
F891,Minnesota,Minnesota ADAPT,2,2,2,2,3,3,3,4,3,4,4,4
F483,Minnesota,Minnesota Geriatrics,39,36,36,34,35,37,37,35,38,42,45,44
F1099,Minnesota,Minnesota Geriatrics,0,0,0,0,0,0,5,5,7,9,9,9
F725,Minnesota,Minnesota ADAPT,1,1,1,1,1,1,1,1,1,1,1,0
F563,Minnesota,Minnesota ADAPT,1,1,1,1,1,1,1,1,1,1,1,1
F853,Minnesota,Minnesota ADAPT,4,4,4,4,4,4,4,4,4,4,4,4
F570,Minnesota,Minnesota ADAPT,4,4,4,4,4,4,4,4,4,4,4,4
F365,Minnesota,Minnesota ADAPT,1,1,1,1,1,1,1,1,1,1,1,1
F531,Minnesota,Minnesota ADAPT,3,3,4,4,3,3,3,3,3,3,3,3
F576,Minnesota,Minnesota ADAPT,9,9,9,10,9,10,9,9,9,9,9,9
F191,Florida,Florida Geriatrics,57,52,51,50,52,47,47,50,49,49,51,52
F968,Minnesota,Minnesota ADAPT,1,1,1,1,1,1,1,1,1,1,1,1
F686,Minnesota,Minnesota ADAPT,2,2,2,2,2,2,2,2,2,2,2,2
F1182,Wisconsin,Wisconsin Geriatrics,0,0,0,0,0,0,0,0,1,1,1,1
F1041,Minnesota,Minnesota ADAPT,0,0,0,0,0,0,0,0,0,0,0,0
F640,Minnesota,Minnesota ADAPT,1,1,1,1,1,1,1,1,1,1,1,1
F719,Minnesota,Minnesota ADAPT,4,4,4,4,4,4,4,3,3,3,3,3
F701,Florida,Florida Geriatrics,13,15,13,17,16,14,16,15,16,17,17,19
F959,Minnesota,Minnesota ADAPT,0,1,1,1,1,1,1,1,1,1,1,1
F569,Minnesota,Minnesota ADAPT,1,1,1,1,1,1,1,1,1,1,1,1
F849,Minnesota,Minnesota ADAPT,2,2,2,2,3,3,3,3,3,3,3,4
F954,Minnesota,Minnesota ADAPT,3,3,3,3,3,3,3,3,3,3,3,2
F88,Minnesota,Minnesota Geriatrics,80,80,75,76,77,84,85,80,78,81,82,88
F506,Minnesota,Minnesota ADAPT,4,4,4,4,4,4,5,5,5,5,5,5
F279,Florida,Florida Geriatrics,31,32,30,29,28,29,26,29,29,31,36,35
F877,Minnesota,Minnesota ADAPT,1,1,1,1,1,1,1,1,1,1,1,0
F92,Florida,Florida Geriatrics,133,131,131,127,124,123,125,126,134,130,0,0
F622,Wisconsin,Wisconsin Geriatrics,3,3,2,2,2,0,0,0,0,0,0,0
F782,Wisconsin,Wisconsin Geriatrics,9,11,11,12,12,15,14,12,12,12,13,12
F352,Minnesota,Minnesota Geriatrics,30,30,29,28,30,29,27,25,25,24,25,25
F507,Minnesota,Minnesota Geriatrics,41,41,40,41,42,41,45,47,48,46,47,49
F892,Minnesota,Minnesota ADAPT,2,2,2,2,2,2,2,2,2,2,2,2
F812,Minnesota,Minnesota ADAPT,1,1,1,1,1,1,1,1,1,1,1,1
F271,Florida,Florida Geriatrics,17,18,18,19,19,20,18,16,16,16,13,12
F1033,Minnesota,Minnesota Geriatrics,0,0,0,19,20,19,18,20,20,19,18,17
F129,Minnesota,Minnesota Geriatrics,33,34,38,38,40,42,39,42,45,47,44,43
F1058,Minnesota,Minnesota ADAPT,0,0,0,0,1,1,3,3,3,3,3,3
F818,Wisconsin,Wisconsin Geriatrics,11,11,12,12,11,10,10,11,11,0,0,0
F920,Minnesota,Minnesota Geriatrics,0,1,1,1,2,1,0,0,2,0,0,0
F478,Minnesota,Minnesota Geriatrics,53,50,49,48,53,56,55,55,54,50,49,46
F251,Minnesota,Minnesota Geriatrics,52,50,50,49,46,44,45,45,45,44,42,16
F1020,Minnesota,Minnesota ADAPT,4,4,4,4,4,4,4,4,4,4,4,4
F1155,Minnesota,Minnesota ADAPT,0,0,0,0,0,0,0,0,0,1,1,1
F673,Wisconsin,Wisconsin Geriatrics,27,27,27,26,31,28,27,27,27,29,30,30
F1084,Minnesota,Minnesota ADAPT,0,0,0,0,0,1,1,1,1,1,1,1
F336,Minnesota,Minnesota ADAPT,3,3,3,3,3,3,3,3,3,3,3,3
F837,Minnesota,Minnesota ADAPT,1,1,1,1,1,1,1,2,2,2,2,2
F694,Minnesota,Minnesota ADAPT,2,2,2,2,2,2,3,2,2,1,2,2
F1068,Minnesota,Minnesota ADAPT,0,0,0,0,1,1,1,1,1,1,1,1
F1140,Minnesota,Minnesota Geriatrics,0,0,0,0,0,0,0,0,0,1,1,1
F994,Minnesota,Minnesota ADAPT,2,2,2,2,2,2,2,2,2,2,2,2
F482,Minnesota,Minnesota Geriatrics,38,38,39,36,37,37,41,41,41,40,41,40
F233,Wisconsin,Wisconsin Geriatrics,11,11,11,13,12,12,12,10,15,22,23,26
F835,Minnesota,Minnesota ADAPT,4,5,5,5,4,4,4,3,2,2,3,3
F102,Florida,Florida Geriatrics,21,20,20,23,20,18,17,18,16,16,14,14
F280,Florida,Florida Geriatrics,41,47,45,47,47,43,44,42,42,45,42,41
F223,Minnesota,Minnesota ADAPT,3,3,3,3,3,3,3,3,3,3,3,3
F856,Minnesota,Minnesota ADAPT,4,4,4,1,1,1,1,1,1,0,0,0
F1178,Minnesota,Minnesota ADAPT,0,0,0,0,0,0,0,0,0,0,0,1
F908,Minnesota,Minnesota ADAPT,0,1,2,2,2,2,2,2,2,2,2,2
F1163,Minnesota,Minnesota ADAPT,0,0,0,0,0,0,0,0,0,0,1,1
F172,Wisconsin,Wisconsin Geriatrics,25,25,27,29,30,30,33,33,33,33,32,32
F758,Wisconsin,Wisconsin Geriatrics,29,28,30,28,28,30,31,30,33,31,31,28
F897,Minnesota,Minnesota ADAPT,1,1,1,1,1,1,1,1,1,1,1,1
F77,Minnesota,Minnesota Geriatrics,61,60,64,68,68,67,66,61,62,60,63,63
F177,Minnesota,Minnesota ADAPT,3,4,4,4,4,4,4,3,4,4,4,4
F1203,Florida,_n/a,1,1,1,1,0,0,0,0,0,0,0,0
F1148,Florida,Florida Geriatrics,0,0,0,0,0,0,0,0,0,0,25,27
F317,Minnesota,Minnesota Geriatrics,54,54,56,54,53,47,50,49,50,49,50,48
F277,Minnesota,Minnesota Geriatrics,26,25,27,28,28,27,24,25,26,27,28,25
F139,Minnesota,Minnesota Geriatrics,31,33,31,32,33,35,35,35,33,33,32,29
F1052,Minnesota,_n/a,19,19,19,20,20,20,19,19,19,19,17,17
F105,Florida,Florida Geriatrics,30,31,34,33,34,33,29,32,27,28,26,22
F745,Wisconsin,Wisconsin Geriatrics,14,14,14,14,15,14,14,15,16,15,15,15
F48,Minnesota,Minnesota Geriatrics,21,22,22,22,22,23,24,24,25,26,25,23
F7,Minnesota,Minnesota ADAPT,4,4,5,5,5,5,5,5,5,5,5,5
F922,Minnesota,Minnesota ADAPT,2,2,2,2,2,2,3,3,3,3,3,3
F575,Minnesota,Minnesota ADAPT,2,2,2,2,2,2,2,2,2,2,3,3
F16,Minnesota,Minnesota ADAPT,1,1,1,1,1,1,0,0,0,0,0,0
F632,Minnesota,Minnesota Geriatrics,14,13,13,13,13,15,15,15,16,18,18,18
F1204,Florida,Florida Geriatrics,0,0,0,0,0,0,0,0,0,0,0,0
F674,Wisconsin,Wisconsin Geriatrics,8,6,6,7,8,8,8,6,8,7,9,9
F261,Minnesota,Minnesota Geriatrics,44,42,40,42,42,43,44,43,41,43,41,40
F46,Wisconsin,Wisconsin Geriatrics,4,4,4,4,4,0,0,0,0,0,0,0
F117,Florida,Florida Geriatrics,39,43,45,46,48,45,45,45,44,43,42,39
F367,Florida,Florida Geriatrics,29,36,34,33,31,28,28,26,26,27,27,27
F590,Wisconsin,Wisconsin Geriatrics,35,33,34,31,31,33,34,34,32,34,35,37
F153,Minnesota,Minnesota ADAPT,5,5,5,5,6,6,6,6,6,6,6,5
F252,Florida,Florida Geriatrics,59,56,58,57,56,55,55,58,59,56,58,55
F510,Minnesota,Minnesota Geriatrics,5,5,5,6,6,6,5,6,7,7,6,6
F1113,Minnesota,Minnesota Geriatrics,0,0,0,0,0,0,0,3,4,5,5,5
F160,Minnesota,Minnesota Geriatrics,5,6,8,10,10,13,13,14,16,16,17,19
F768,Wisconsin,Wisconsin Geriatrics,16,16,16,15,15,14,17,18,21,24,23,20
F89,Florida,Florida Geriatrics,59,62,63,61,60,59,58,59,59,58,58,60
F574,Wisconsin,Wisconsin Geriatrics,10,9,9,9,10,11,12,12,12,12,12,12
F339,Minnesota,Minnesota Geriatrics,43,44,41,41,42,39,40,37,38,37,38,36
F71,Minnesota,Minnesota Geriatrics,61,57,52,54,53,51,49,51,53,49,57,57
F1128,Wisconsin,Wisconsin Geriatrics,0,0,0,0,0,0,0,0,1,4,10,14
F807,Minnesota,Minnesota ADAPT,4,4,4,4,3,3,3,3,3,3,3,3
F56,Minnesota,Minnesota ADAPT,2,2,2,2,2,2,2,2,2,2,2,2
F325,Florida,Florida Geriatrics,29,26,23,22,22,19,16,16,18,17,18,18
F579,Minnesota,Minnesota ADAPT,5,4,4,3,3,4,5,5,5,5,5,5
F926,Minnesota,Minnesota ADAPT,1,1,1,1,1,1,1,1,1,1,1,1
F516,Minnesota,Minnesota Geriatrics,10,10,10,10,9,10,10,10,10,10,11,11
F984,Minnesota,Minnesota ADAPT,2,2,2,2,2,2,2,2,2,2,2,2
F361,Minnesota,Minnesota Geriatrics,49,52,51,52,59,61,63,64,63,60,60,62
F141,Florida,Florida Geriatrics,24,23,23,21,21,19,19,18,18,18,18,20
F950,Minnesota,Minnesota Geriatrics,5,5,5,6,5,5,5,5,5,6,6,5
F517,Minnesota,Minnesota Geriatrics,27,27,30,33,33,30,35,35,38,34,34,35
F664,Wisconsin,Wisconsin Geriatrics,8,8,8,9,6,6,6,7,8,8,8,9
F302,Wisconsin,Wisconsin Geriatrics,14,16,16,16,15,13,13,13,14,13,13,14
F953,Florida,Florida Geriatrics,0,2,10,13,15,22,20,21,21,23,25,31
F309,Florida,Florida Geriatrics,18,17,16,17,18,17,16,14,14,8,0,0
F474,Wisconsin,Wisconsin Geriatrics,3,3,3,6,7,7,8,7,6,5,7,7
F1205,Minnesota,_n/a,1,1,1,1,1,1,0,0,0,0,0,0
F624,Wisconsin,Wisconsin Geriatrics,18,18,18,18,18,19,20,22,22,22,22,20
F84,Wisconsin,Wisconsin Geriatrics,43,46,43,43,42,45,41,43,41,38,37,38
F349,Florida,Florida Geriatrics,10,10,10,9,9,8,11,11,14,17,21,23
F525,Minnesota,Minnesota ADAPT,21,20,21,20,19,20,21,21,21,21,21,21
F903,Minnesota,Minnesota ADAPT,4,4,4,4,4,4,4,4,4,4,4,4
F628,Minnesota,Minnesota ADAPT,1,1,1,1,1,1,1,1,1,1,1,1
F991,Florida,Minnesota Geriatrics,4,4,4,4,4,4,1,1,1,1,1,1
F47,Wisconsin,Wisconsin Geriatrics,5,5,5,5,4,0,0,0,0,0,0,0
F611,Wisconsin,Wisconsin Geriatrics,55,53,56,58,59,59,58,59,54,57,59,57
F646,Minnesota,Minnesota ADAPT,3,3,3,3,3,3,3,3,3,2,2,2
F343,Minnesota,Minnesota Geriatrics,39,39,41,44,42,44,44,44,44,43,43,43
F951,Minnesota,Minnesota ADAPT,3,4,4,3,3,3,3,3,3,3,3,3
F12,Minnesota,Minnesota Geriatrics,28,26,24,24,24,24,25,27,29,31,29,30
F1206,Florida,_n/a,0,0,0,0,0,0,0,0,0,0,0,0
F721,Minnesota,Minnesota ADAPT,2,2,3,3,3,3,3,4,4,4,4,4
F697,Minnesota,Minnesota ADAPT,2,3,3,3,3,3,3,3,4,4,4,4
F179,Minnesota,Minnesota ADAPT,2,2,2,2,2,2,2,1,1,1,1,1
F1024,Wisconsin,Wisconsin Geriatrics,0,0,0,2,7,9,10,11,11,10,10,10
F1125,Minnesota,Minnesota ADAPT,0,0,0,0,0,0,1,1,0,0,0,0
F307,Florida,Florida Geriatrics,20,22,21,21,19,18,18,15,14,14,13,10
F65,Minnesota,Minnesota Geriatrics,18,17,17,15,14,13,14,14,14,14,14,13
F1168,Minnesota,Minnesota ADAPT,0,0,0,0,0,0,0,0,0,0,1,1
F247,Minnesota,Minnesota Geriatrics,43,42,43,45,48,46,45,43,45,43,46,44
F155,Minnesota,Minnesota Geriatrics,54,52,54,56,58,56,57,58,61,67,67,66
F1207,Florida,_n/a,0,0,0,0,0,0,0,0,0,0,0,0
F1129,Minnesota,Minnesota Geriatrics,0,0,0,0,0,0,0,0,17,21,20,20
F989,Minnesota,Minnesota ADAPT,2,2,2,2,2,2,2,2,2,2,2,2
F618,Minnesota,Minnesota Geriatrics,24,23,20,22,24,25,27,27,28,28,26,28
F581,Minnesota,Minnesota Geriatrics,30,31,30,30,30,28,28,28,28,28,29,28
F501,Minnesota,Minnesota Geriatrics,49,47,45,43,42,43,43,44,44,43,43,44
F418,Wisconsin,Wisconsin Geriatrics,13,12,8,8,9,12,12,15,13,11,13,11
F935,Minnesota,Minnesota ADAPT,5,5,5,5,4,4,4,4,4,5,5,5
F1208,Minnesota,Minnesota ADAPT,0,0,0,0,0,0,0,0,0,0,0,1
F1016,Minnesota,Minnesota ADAPT,1,1,1,1,1,1,1,1,1,1,0,0
F15,Wisconsin,Wisconsin Geriatrics,25,26,25,28,28,27,24,22,22,24,24,24
F1109,Minnesota,Minnesota ADAPT,0,0,0,0,0,0,0,1,2,2,2,2
F841,Minnesota,Minnesota ADAPT,4,4,3,3,3,3,3,3,3,0,0,0
F580,Minnesota,Minnesota ADAPT,7,7,8,8,9,8,8,7,6,6,7,6
F1079,Minnesota,Minnesota ADAPT,0,0,0,0,1,1,1,1,1,1,1,1
F21,Florida,Florida Geriatrics,31,28,27,23,25,25,27,23,27,28,27,28
F492,Minnesota,Minnesota Geriatrics,34,34,35,38,40,39,35,39,40,40,39,39
F106,Wisconsin,Wisconsin Geriatrics,66,67,66,65,64,64,65,70,74,77,73,72
F874,Minnesota,Minnesota ADAPT,2,2,2,2,2,2,2,2,2,2,2,2
F518,Minnesota,Minnesota ADAPT,1,1,1,1,1,1,1,1,1,1,1,1
F297,Minnesota,Minnesota Geriatrics,34,35,36,36,34,34,38,39,40,40,39,38
F893,Minnesota,Minnesota ADAPT,1,1,1,1,1,1,1,1,1,1,1,1
F614,Minnesota,Minnesota ADAPT,3,3,3,3,3,3,2,2,2,2,3,2
F159,Minnesota,Minnesota Geriatrics,52,50,51,52,56,58,58,58,60,59,59,63
F609,Minnesota,Minnesota ADAPT,4,4,4,4,4,4,3,3,3,3,3,3
F1209,Minnesota,_n/a,0,0,0,0,0,0,0,0,0,0,0,1
F1210,Minnesota,Minnesota ADAPT,0,0,0,0,0,0,0,0,0,0,0,0
F1154,Minnesota,Minnesota ADAPT,0,0,0,0,0,0,0,0,0,1,2,2
F305,Wisconsin,Minnesota Geriatrics,21,20,17,18,19,19,20,18,19,19,18,20
F898,Minnesota,Minnesota ADAPT,1,1,1,1,1,1,1,1,1,2,1,1
F370,Minnesota,Minnesota Geriatrics,5,5,4,5,5,5,5,5,5,5,5,5
F444,Minnesota,Minnesota Geriatrics,57,58,60,57,60,61,61,60,60,61,61,60
F1080,Wisconsin,Wisconsin Geriatrics,1,1,1,1,1,1,1,0,0,0,0,0
F500,Minnesota,Minnesota Geriatrics,27,28,29,28,28,31,30,28,30,30,28,28
F737,Minnesota,Minnesota ADAPT,3,2,2,1,1,1,1,0,0,0,0,0
F821,Minnesota,Minnesota ADAPT,3,3,3,3,3,3,3,3,3,2,2,2
F287,Wisconsin,Wisconsin Geriatrics,41,39,40,43,42,44,45,45,44,47,49,49
F642,Minnesota,Minnesota ADAPT,1,1,1,1,1,1,1,1,1,1,1,1
F596,Florida,Florida Geriatrics,35,43,47,51,53,52,52,50,48,50,53,51
F282,Florida,Florida Geriatrics,24,23,22,25,26,26,25,24,22,22,22,21
F747,Minnesota,Minnesota ADAPT,3,3,3,3,3,4,4,4,4,4,4,4
F183,Wisconsin,Wisconsin Geriatrics,25,24,27,26,28,27,26,24,26,26,25,23
F208,Minnesota,Minnesota Geriatrics,35,41,41,39,39,37,36,35,33,34,35,35
F351,Minnesota,Minnesota Geriatrics,10,12,13,14,21,26,27,26,26,26,28,29
F637,Wisconsin,Wisconsin Geriatrics,21,19,18,19,21,20,20,18,22,21,18,17
F881,Wisconsin,Wisconsin Geriatrics,2,1,1,0,0,0,0,0,0,0,0,0
F133,Minnesota,Minnesota ADAPT,4,4,4,4,4,4,5,4,4,4,4,4
F718,Minnesota,Minnesota ADAPT,4,4,3,3,3,4,4,4,4,4,4,4
F559,Minnesota,Minnesota Geriatrics,21,20,18,19,20,20,18,18,19,17,20,18
F1147,Minnesota,Minnesota ADAPT,0,0,0,0,0,0,0,0,0,1,1,2
F829,Florida,Florida Geriatrics,4,4,4,4,5,5,5,5,5,5,5,5
F1097,Minnesota,Minnesota ADAPT,0,0,0,0,0,0,1,2,3,3,3,3
F1211,Minnesota,Minnesota ADAPT,0,0,0,0,0,0,0,0,0,0,0,3
F416,Florida,Florida Geriatrics,22,21,19,19,17,17,22,21,20,26,31,31
F671,Wisconsin,Wisconsin Geriatrics,16,15,12,12,10,9,11,11,10,9,9,9
F496,Wisconsin,Wisconsin Geriatrics,20,18,20,21,20,18,18,16,16,16,16,17
F37,Minnesota,Minnesota Geriatrics,15,17,17,14,14,15,16,16,15,14,15,15
F1050,Florida,Florida Geriatrics,0,0,0,5,6,5,8,8,9,9,14,14
F924,Minnesota,Minnesota ADAPT,1,1,1,1,1,1,1,1,1,1,1,1
F735,Minnesota,Minnesota ADAPT,4,4,4,4,4,4,4,4,4,4,4,4
F817,Minnesota,Minnesota ADAPT,1,1,1,1,1,1,1,1,1,1,1,1
F262,Florida,Florida Geriatrics,44,43,41,42,44,43,39,41,42,44,46,46
F249,Wisconsin,Wisconsin Geriatrics,28,32,35,36,35,37,39,37,35,34,36,35
F502,Florida,Florida Geriatrics,42,39,40,42,42,41,41,41,40,38,44,45
F1212,Florida,_n/a,0,0,0,0,0,0,0,0,0,0,0,0
F284,Wisconsin,Wisconsin Geriatrics,18,18,18,18,17,17,16,17,16,16,16,16
F389,Minnesota,Minnesota ADAPT,4,4,4,4,4,4,4,4,4,4,4,4
F353,Minnesota,Minnesota Geriatrics,37,37,39,36,35,37,41,40,40,38,38,37
F787,Minnesota,Minnesota ADAPT,3,3,3,3,3,3,3,3,3,3,3,3
F229,Florida,Florida Geriatrics,4,4,3,3,2,3,6,5,5,5,4,3
F658,Minnesota,Minnesota ADAPT,3,3,3,3,3,2,2,2,2,2,2,2
F1107,Wisconsin,Wisconsin Geriatrics,0,0,0,0,0,0,0,2,2,2,3,3
F1213,Minnesota,_n/a,0,0,0,0,0,0,0,0,0,0,0,0
F111,Wisconsin,Wisconsin Geriatrics,24,24,26,29,29,29,28,28,27,25,26,25
F546,Florida,Florida Geriatrics,71,72,71,65,60,63,65,63,64,64,64,64
F246,Minnesota,Minnesota ADAPT,3,3,3,3,2,2,2,3,3,3,3,3
F564,Minnesota,Minnesota ADAPT,4,4,4,4,4,4,4,4,4,3,3,3
F1091,Minnesota,Minnesota ADAPT,0,0,0,0,0,1,1,1,1,1,1,2
F532,Minnesota,Minnesota ADAPT,2,2,2,2,2,2,2,2,2,2,2,2
F613,Minnesota,Minnesota ADAPT,1,1,1,1,1,1,1,1,1,2,2,2
F620,Wisconsin,Wisconsin Geriatrics,25,28,32,33,35,37,37,36,31,30,30,28
F804,Minnesota,Minnesota ADAPT,2,2,2,2,1,2,1,2,2,2,2,2
F683,Minnesota,Minnesota ADAPT,3,3,3,3,3,3,3,3,3,3,3,3
F1028,Minnesota,Minnesota ADAPT,0,0,0,1,1,1,1,1,1,1,1,1
F439,Minnesota,Minnesota Geriatrics,58,58,57,54,53,52,50,51,50,52,49,51
F322,Florida,Florida Geriatrics,34,37,34,32,32,36,34,35,34,35,35,35
F843,Minnesota,Minnesota ADAPT,4,4,3,3,3,3,3,3,3,3,3,3
F253,Minnesota,Minnesota Geriatrics,54,55,56,59,62,60,59,61,63,62,60,59
F192,Florida,Florida Geriatrics,30,31,31,36,36,39,42,43,40,37,36,35
F1010,Wisconsin,Wisconsin Geriatrics,0,0,0,2,2,2,2,2,2,2,2,2
F1078,Minnesota,Minnesota Geriatrics,0,0,0,0,1,6,13,21,24,22,27,27
F1056,Minnesota,Minnesota ADAPT,1,1,1,1,1,1,1,1,1,1,1,1
F777,Minnesota,Minnesota ADAPT,1,1,1,1,1,1,1,1,1,1,1,1
F1021,Minnesota,Minnesota ADAPT,0,0,1,1,1,1,1,1,1,1,1,1
F798,Minnesota,Minnesota ADAPT,1,1,1,1,1,1,1,1,1,1,1,1
F1035,Florida,Florida Geriatrics,0,0,0,31,38,40,39,41,44,46,45,47
F1137,Minnesota,Minnesota ADAPT,0,0,0,0,0,0,0,0,1,1,1,1
F399,Florida,Florida Geriatrics,86,86,83,82,91,88,89,91,95,92,91,96
F704,Minnesota,Minnesota Geriatrics,4,4,4,3,4,4,4,4,4,4,4,4
F150,Florida,Florida Geriatrics,47,51,53,49,47,47,47,44,47,48,46,45
F783,Minnesota,Minnesota ADAPT,4,4,4,4,4,3,3,3,3,3,3,3
F125,Florida,Florida Geriatrics,24,27,31,32,31,29,26,30,31,33,32,36
F198,Minnesota,Minnesota Geriatrics,50,48,46,45,42,41,46,45,46,49,52,50
F1214,Florida,_n/a,0,0,0,1,0,0,0,0,0,0,0,0
F2,Minnesota,Minnesota Geriatrics,47,50,52,54,54,53,51,54,56,56,57,52
F1172,Minnesota,Minnesota ADAPT,0,0,0,0,0,0,0,0,0,0,1,1
F350,Minnesota,Minnesota Geriatrics,31,32,30,31,30,31,31,32,31,32,33,32
F836,Minnesota,Minnesota ADAPT,1,1,1,1,1,2,2,2,2,2,2,2
F626,Minnesota,Minnesota ADAPT,4,4,4,4,4,4,4,4,4,4,4,4
F548,Minnesota,Minnesota Geriatrics,24,25,25,26,28,28,28,26,25,25,26,25
F1215,Minnesota,_n/a,1,1,1,1,1,1,1,1,1,1,1,0
F1030,Florida,_n/a,1,1,1,1,1,1,1,1,0,0,0,0
F689,Wisconsin,Wisconsin Geriatrics,11,12,11,11,11,12,13,13,13,13,12,12
F786,Florida,Florida Geriatrics,6,13,14,15,17,18,19,19,19,16,17,18
F885,Minnesota,Minnesota ADAPT,4,4,4,4,4,4,4,4,4,2,2,2
F381,Florida,Florida Geriatrics,7,8,7,6,6,7,7,7,6,6,5,5
F604,Minnesota,Minnesota Geriatrics,23,21,19,14,15,16,18,18,17,17,16,16
F53,Wisconsin,Wisconsin Geriatrics,11,11,11,10,10,9,9,9,8,9,9,6
F1054,Minnesota,Minnesota ADAPT,0,0,0,1,2,2,2,2,2,2,2,2
F884,Minnesota,Minnesota ADAPT,4,4,4,4,4,4,4,4,4,4,4,4
F348,Minnesota,Minnesota Geriatrics,40,40,39,38,36,38,35,36,36,35,39,42
F327,Florida,Florida Geriatrics,45,45,45,44,43,43,42,42,40,40,40,39
F445,Minnesota,Minnesota ADAPT,1,1,1,1,1,4,4,4,4,4,4,3
F578,Minnesota,Minnesota ADAPT,2,2,2,2,2,2,2,2,2,2,2,2
F1216,Minnesota,Minnesota ADAPT,0,0,0,0,0,0,0,0,0,0,0,0
F788,Minnesota,Minnesota ADAPT,1,1,1,1,1,1,1,1,1,1,1,1
F1112,Florida,Florida Geriatrics,0,0,0,0,0,0,0,5,7,8,8,9
F757,Wisconsin,Wisconsin Geriatrics,5,5,5,5,5,0,0,0,0,0,0,0
F503,Minnesota,Minnesota ADAPT,4,4,4,4,4,4,4,4,4,4,4,4
F1217,Minnesota,Minnesota ADAPT,1,0,0,0,0,0,0,0,0,0,0,0
F530,Minnesota,Minnesota ADAPT,3,2,2,2,2,2,2,2,3,4,3,3
F1076,Minnesota,Minnesota ADAPT,0,0,0,0,1,1,1,1,1,1,1,1
F550,Minnesota,Minnesota Geriatrics,33,34,32,33,32,33,33,35,35,35,37,36
F802,Minnesota,Minnesota ADAPT,2,2,2,2,2,2,2,2,2,2,2,2
F1121,Minnesota,Minnesota ADAPT,0,0,0,0,0,0,0,2,1,1,1,1
F918,Minnesota,Minnesota ADAPT,0,1,1,1,1,1,1,1,1,1,1,1
F1038,Minnesota,Minnesota ADAPT,3,3,3,3,3,3,3,3,3,3,3,3
F547,Minnesota,Minnesota Geriatrics,19,21,21,21,19,20,21,19,19,18,17,20
F847,Minnesota,Minnesota ADAPT,3,2,2,3,3,3,3,3,3,3,3,3
F993,Minnesota,Minnesota ADAPT,3,3,3,3,3,3,3,3,3,3,3,3
F465,Minnesota,Minnesota Geriatrics,18,17,18,17,18,18,18,22,21,21,23,23
F154,Florida,Florida Geriatrics,24,28,30,29,26,24,24,21,22,22,20,21
F136,Minnesota,Minnesota Geriatrics,53,55,56,55,59,59,57,61,64,63,61,58
F1218,Minnesota,_n/a,1,1,1,1,1,1,1,1,1,1,1,1
F203,Wisconsin,Wisconsin Geriatrics,36,37,38,40,39,39,38,40,40,40,41,39
F880,Minnesota,Minnesota Geriatrics,0,4,8,11,13,16,19,21,21,20,19,24
F76,Florida,Florida Geriatrics,60,61,58,56,55,55,54,51,49,49,50,48
F923,Minnesota,Minnesota ADAPT,5,6,5,5,6,6,6,6,6,6,6,7
F684,Minnesota,Minnesota Geriatrics,16,19,26,23,22,22,22,23,29,30,33,31
F645,Minnesota,Minnesota ADAPT,2,2,2,2,2,3,3,3,3,4,4,4
F726,Minnesota,Minnesota ADAPT,4,5,4,4,4,4,4,4,4,4,4,4
F231,Minnesota,Minnesota Geriatrics,48,48,48,52,53,51,52,52,49,53,55,56
F761,Minnesota,Minnesota ADAPT,2,2,2,2,2,2,2,2,2,2,2,2
F55,Minnesota,Minnesota ADAPT,3,3,3,3,3,3,3,3,3,3,3,3
F1219,Minnesota,_n/a,0,0,0,0,0,0,0,0,0,0,0,0
F1133,Minnesota,Minnesota ADAPT,0,0,0,0,0,0,0,0,1,1,1,1
F14,Wisconsin,Wisconsin Geriatrics,7,5,5,5,5,5,6,6,7,8,8,8
F60,Minnesota,Minnesota ADAPT,4,4,4,4,4,4,4,4,4,4,4,4
F1018,Minnesota,Minnesota ADAPT,2,2,2,2,2,2,2,2,2,2,2,2
F1006,Minnesota,Minnesota ADAPT,0,0,1,1,1,1,0,0,0,0,0,0
F39,Minnesota,Minnesota Geriatrics,66,63,65,63,59,59,55,54,58,62,64,63
F330,Wisconsin,Wisconsin Geriatrics,25,25,23,22,21,21,22,21,21,20,20,19
F1220,Florida,Minnesota Geriatrics,1,1,1,1,0,0,0,0,0,0,0,0
F1169,Minnesota,Minnesota Geriatrics,0,0,0,0,0,0,0,0,0,0,2,4
F832,Florida,Florida Geriatrics,3,3,3,3,3,3,3,3,2,0,0,0
F542,Minnesota,Minnesota ADAPT,3,3,3,3,3,3,2,2,2,2,2,2
F971,Minnesota,Minnesota ADAPT,3,3,3,3,3,3,3,3,3,3,3,3
F938,Minnesota,Minnesota ADAPT,3,3,3,3,3,3,3,3,3,3,3,3
F1092,Minnesota,Minnesota ADAPT,0,0,0,0,0,1,1,1,1,1,1,1
F1064,Minnesota,Minnesota ADAPT,3,3,3,3,3,2,2,2,2,2,2,2
F1048,Minnesota,Minnesota ADAPT,4,4,4,4,4,4,4,4,4,4,4,4
F362,Minnesota,Minnesota Geriatrics,22,21,21,24,24,26,27,24,24,21,24,24
F98,Minnesota,Minnesota Geriatrics,22,21,21,21,20,20,21,22,21,20,20,17
F138,Wisconsin,Wisconsin Geriatrics,40,41,41,43,43,42,45,45,43,43,42,43
F1221,Minnesota,Minnesota Geriatrics,0,0,0,0,0,0,0,0,0,0,0,0
F146,Florida,Florida Geriatrics,35,35,38,39,40,38,39,38,36,38,39,37
F890,Wisconsin,Wisconsin Geriatrics,15,15,15,15,15,16,15,15,14,13,14,14
F112,Minnesota,Minnesota ADAPT,2,2,2,2,2,2,2,2,2,3,3,3
F662,Minnesota,Minnesota Geriatrics,5,4,4,4,4,4,5,5,5,5,5,5
F752,Minnesota,Minnesota ADAPT,5,5,6,6,6,6,6,6,6,6,6,6
F398,Minnesota,Minnesota ADAPT,18,18,17,18,19,20,20,20,20,20,20,20
F1222,Minnesota,Minnesota ADAPT,5,5,0,0,0,0,0,0,0,0,0,0
F643,Wisconsin,Wisconsin Geriatrics,21,19,15,15,15,16,17,16,17,20,22,21
F927,Minnesota,Minnesota ADAPT,1,1,1,1,1,1,1,1,1,1,1,1
F212,Minnesota,Minnesota Geriatrics,34,35,33,33,33,33,31,29,29,30,28,30
F785,Minnesota,Minnesota ADAPT,3,3,4,4,4,4,4,4,4,4,4,4
F698,Minnesota,Minnesota ADAPT,8,9,9,7,8,6,6,6,6,6,5,6
F459,Florida,Florida Geriatrics,9,9,9,9,7,7,7,8,8,8,8,7
F964,Florida,Florida Geriatrics,0,7,17,19,19,18,17,17,0,0,0,0
F805,Minnesota,Minnesota ADAPT,4,4,4,4,4,4,4,4,4,3,3,3
F498,Minnesota,Minnesota ADAPT,3,3,3,3,3,3,3,3,3,3,3,3
F127,Minnesota,Minnesota Geriatrics,49,47,48,50,46,49,50,48,47,49,48,47
F194,Wisconsin,Wisconsin Geriatrics,12,11,10,9,10,12,11,11,12,12,12,11
F1047,Minnesota,Minnesota ADAPT,0,0,0,1,1,1,1,1,1,1,1,1
F324,Florida,Florida Geriatrics,22,22,22,22,20,21,19,20,22,22,21,22
F1223,Minnesota,_n/a,0,0,0,0,0,0,0,1,0,0,0,0
F434,Minnesota,Minnesota Geriatrics,28,27,28,30,29,29,29,28,29,29,29,25
F1029,Minnesota,Minnesota ADAPT,0,0,0,3,3,3,3,3,0,0,0,0
F30,Florida,Florida Geriatrics,48,44,44,45,46,41,46,49,48,44,44,44
F647,Minnesota,Minnesota ADAPT,3,3,3,3,3,3,3,3,3,3,3,3
F226,Florida,Florida Geriatrics,11,11,9,9,9,9,6,5,3,3,3,0
F981,Minnesota,Minnesota ADAPT,1,1,1,1,1,1,1,1,1,1,1,0
F1162,Florida,Florida Geriatrics,0,0,0,0,0,0,0,0,0,0,2,3
F122,Minnesota,Minnesota Geriatrics,37,35,38,39,42,45,48,44,44,46,47,48
F268,Florida,Florida Geriatrics,30,0,0,0,1,0,0,0,0,0,0,0
F1224,Wisconsin,Wisconsin Geriatrics,8,0,0,0,0,0,0,0,0,0,0,0
F886,Minnesota,Minnesota ADAPT,0,1,1,1,1,1,1,1,1,1,1,1
F775,Minnesota,Minnesota ADAPT,3,3,3,3,3,3,3,3,3,3,3,3
F799,Wisconsin,Wisconsin Geriatrics,8,9,9,8,9,12,11,11,10,9,9,9
F896,Minnesota,Minnesota ADAPT,2,2,2,1,1,1,1,1,1,1,1,1
F422,Minnesota,Minnesota ADAPT,1,1,1,1,1,1,1,1,1,1,1,1
F631,Wisconsin,Minnesota Geriatrics,23,22,23,22,21,20,22,22,21,23,23,23
F394,Minnesota,Minnesota Geriatrics,50,50,53,54,50,54,51,53,53,51,51,53
F384,Minnesota,Minnesota Geriatrics,39,41,43,37,36,35,34,34,35,34,32,31
F93,Minnesota,Minnesota Geriatrics,26,24,25,24,26,25,26,26,27,28,29,30
F554,Minnesota,Minnesota Geriatrics,15,14,15,15,15,14,14,12,13,13,13,14
F895,Minnesota,Minnesota ADAPT,1,1,1,1,1,1,1,1,1,1,1,1
F462,Minnesota,Minnesota ADAPT,5,6,6,6,6,5,6,6,6,6,6,5
F1225,Minnesota,_n/a,1,1,1,1,1,1,1,1,1,1,1,1
F773,Wisconsin,Wisconsin Geriatrics,12,12,10,8,8,8,8,8,8,0,0,0
F696,Minnesota,Minnesota ADAPT,2,2,2,2,2,2,2,2,2,2,2,2
F45,Minnesota,Minnesota ADAPT,2,2,2,2,2,2,2,2,2,2,2,2
F561,Wisconsin,Minnesota Geriatrics,12,13,14,11,15,14,15,16,15,17,19,19
F1226,Florida,_n/a,0,0,0,0,0,0,0,0,0,0,0,0
F730,Minnesota,Minnesota ADAPT,4,4,4,4,4,4,4,4,3,3,3,3
F677,Minnesota,Minnesota ADAPT,2,2,2,2,2,2,2,1,1,1,1,1
F196,Minnesota,Minnesota ADAPT,9,9,9,9,8,8,9,8,8,8,8,7
F929,Florida,Florida Geriatrics,0,2,1,2,0,0,0,0,0,0,0,0
F545,Florida,Florida Geriatrics,3,3,5,5,5,3,3,3,3,3,3,3
F4,Minnesota,Minnesota ADAPT,13,11,11,11,11,11,11,10,12,13,11,11
F593,Minnesota,Minnesota Geriatrics,815,787,837,866,911,899,904,912,923,944,955,968
F421,Wisconsin,Wisconsin Geriatrics,16,18,18,0,0,0,0,0,0,0,0,0
F769,Minnesota,Minnesota Geriatrics,23,25,27,28,27,27,27,24,23,24,22,21
F710,Florida,Florida Geriatrics,12,9,8,8,9,8,9,10,11,15,18,19
F443,Wisconsin,Wisconsin Geriatrics,24,22,22,21,19,21,21,21,21,23,23,21
F3,Minnesota,Minnesota Geriatrics,36,37,35,35,36,34,34,32,33,33,33,33
F760,Minnesota,Minnesota ADAPT,13,14,14,15,15,15,15,15,14,13,13,13
F1227,Minnesota,Minnesota ADAPT,0,0,0,0,0,0,0,0,0,0,1,1
F1070,Minnesota,Minnesota ADAPT,0,0,0,0,3,3,3,3,3,3,3,3
F1174,Minnesota,Minnesota ADAPT,0,0,0,0,0,0,0,0,0,0,1,1
F455,Minnesota,Minnesota ADAPT,3,3,3,3,3,3,3,3,3,3,3,4
F49,Minnesota,Minnesota Geriatrics,50,56,58,60,59,58,55,55,56,56,57,57
F368,Minnesota,Minnesota Geriatrics,10,11,11,11,11,10,10,10,10,10,10,10
F72,Wisconsin,Wisconsin Geriatrics,45,50,52,53,56,55,59,58,60,63,62,59
F894,Minnesota,Minnesota ADAPT,1,1,1,1,1,1,1,1,1,1,1,1
F1228,Minnesota,Minnesota Geriatrics,1,1,1,1,1,1,1,1,1,1,1,1
F1229,Minnesota,_n/a,1,1,1,0,0,0,0,0,0,0,0,0
F1230,Florida,Florida Geriatrics,1,1,0,0,0,0,0,0,0,0,0,0
F511,Minnesota,Minnesota Geriatrics,7,6,7,4,6,6,7,7,5,5,5,4
F285,Minnesota,Minnesota Geriatrics,23,23,25,28,28,28,28,27,26,28,30,30
F59,Minnesota,Minnesota ADAPT,2,2,2,2,2,2,2,2,2,2,2,1
F1158,Minnesota,Minnesota ADAPT,0,0,0,0,0,0,0,0,0,0,2,2
F73,Wisconsin,Wisconsin Geriatrics,19,17,17,17,17,21,19,19,20,18,21,20
F334,Wisconsin,Wisconsin Geriatrics,5,4,4,4,3,4,4,3,3,0,0,0
F175,Wisconsin,Wisconsin Geriatrics,13,13,14,14,15,15,16,16,15,13,14,16
F258,Florida,Florida Geriatrics,28,26,28,25,27,25,24,22,22,22,23,26
F996,Minnesota,Minnesota ADAPT,4,4,4,4,4,4,4,4,4,4,4,4
F1008,Minnesota,Minnesota ADAPT,3,2,2,2,2,2,1,1,2,2,2,2
F391,Florida,Florida Geriatrics,22,21,24,23,24,23,21,22,23,22,23,24
F468,Minnesota,Minnesota ADAPT,2,4,4,4,4,4,4,4,4,4,3,3
F395,Wisconsin,Wisconsin Geriatrics,25,24,22,20,21,22,21,23,22,21,20,21
F338,Minnesota,Minnesota ADAPT,1,2,2,2,2,2,2,2,2,2,2,2
F245,Minnesota,Minnesota ADAPT,4,4,4,4,4,4,4,4,3,3,3,3
F263,Minnesota,Minnesota Geriatrics,53,51,48,47,47,45,45,45,44,9,4,2
F425,Minnesota,Minnesota ADAPT,4,4,4,4,4,4,4,4,4,4,4,4
F833,Wisconsin,Wisconsin Geriatrics,5,4,4,4,4,5,5,5,6,0,0,0
F499,Minnesota,Minnesota ADAPT,25,26,26,25,25,24,23,22,25,22,24,24
F541,Minnesota,Minnesota ADAPT,3,3,3,3,3,3,3,3,3,3,3,3
F1045,Minnesota,Minnesota Geriatrics,0,0,26,24,20,19,21,22,21,21,24,25
F978,Minnesota,Minnesota ADAPT,2,2,2,2,2,2,2,2,2,2,2,2
F20,Florida,Florida Geriatrics,26,26,25,24,22,23,23,25,26,27,26,25
F270,Minnesota,Minnesota Geriatrics,47,50,50,50,50,51,48,46,45,46,45,44
F1075,Minnesota,Minnesota ADAPT,1,1,1,1,1,1,1,1,1,1,1,1
F83,Florida,Florida Geriatrics,41,41,41,44,46,48,47,52,56,57,63,62
F360,Wisconsin,Wisconsin Geriatrics,23,24,25,28,29,31,30,32,35,35,36,34
F34,Florida,Florida Geriatrics,87,86,86,88,79,71,69,73,75,75,77,77
F54,Wisconsin,Wisconsin Geriatrics,9,9,7,7,6,6,6,6,6,6,5,5
F243,Minnesota,Minnesota ADAPT,1,1,2,2,2,2,1,1,1,1,1,1
F606,Florida,Florida Geriatrics,9,12,18,21,23,23,25,25,25,28,28,31
F82,Florida,Florida Geriatrics,27,28,25,22,23,20,15,16,16,0,0,0
F121,Minnesota,Minnesota Geriatrics,20,20,18,17,19,20,20,19,19,20,20,21
F344,Wisconsin,Wisconsin Geriatrics,20,20,20,19,19,20,21,19,20,19,22,23
F1231,Minnesota,_n/a,0,0,0,0,0,0,0,0,0,0,0,0
F995,Minnesota,Minnesota ADAPT,1,1,1,1,1,1,1,1,1,1,1,1
F1232,Minnesota,_n/a,0,0,0,0,0,0,0,0,0,0,0,0
F265,Minnesota,Minnesota ADAPT,2,2,2,2,2,2,2,2,2,2,2,2
F228,Florida,Florida Geriatrics,15,15,16,14,14,14,16,17,17,14,15,14
F1073,Minnesota,Minnesota ADAPT,1,1,1,1,1,1,1,1,1,0,0,0
F1134,Minnesota,Minnesota Geriatrics,0,0,0,0,0,0,0,0,5,5,8,9
F1102,Minnesota,Minnesota ADAPT,0,0,0,0,0,1,1,1,1,1,1,1
F206,Wisconsin,Wisconsin Geriatrics,30,31,30,31,31,33,33,33,32,34,36,37
F976,Wisconsin,Wisconsin Geriatrics,0,0,8,9,9,9,10,10,8,8,8,8
F33,Florida,Florida Geriatrics,46,45,46,48,44,43,43,43,43,42,46,50
F992,Minnesota,Minnesota ADAPT,3,3,3,3,3,3,3,3,3,3,3,3
F1233,Minnesota,Minnesota Geriatrics,0,2,2,4,0,0,0,0,0,0,0,0
F556,Wisconsin,Wisconsin Geriatrics,29,31,32,33,37,36,34,35,38,37,39,38
F332,Minnesota,Minnesota Geriatrics,19,19,20,19,19,21,20,21,22,22,21,19
F458,Florida,Florida Geriatrics,4,4,4,3,3,3,4,3,3,3,3,2
F295,Florida,Florida Geriatrics,36,39,38,39,40,37,36,34,33,28,0,0
F1146,Florida,Florida Geriatrics,0,0,0,0,0,0,0,0,0,6,9,12
F371,Minnesota,Minnesota Geriatrics,11,11,12,12,15,15,16,13,14,14,16,18
F845,Minnesota,Minnesota ADAPT,4,4,4,3,3,3,3,3,3,3,3,3
F931,Minnesota,Minnesota ADAPT,1,1,2,2,2,2,3,3,3,2,2,2
F866,Minnesota,Minnesota ADAPT,4,4,4,4,4,4,4,4,4,4,4,4
F1061,Wisconsin,Wisconsin Geriatrics,0,0,0,0,2,4,6,7,7,6,6,6
F388,Minnesota,Minnesota ADAPT,4,4,4,4,4,4,4,4,4,4,4,4
F318,Wisconsin,Wisconsin Geriatrics,5,6,6,6,6,5,5,6,6,6,6,6
F823,Minnesota,Minnesota ADAPT,2,2,2,2,1,1,1,2,2,2,2,2
F1234,Minnesota,_n/a,0,0,0,0,0,0,0,0,0,0,0,0
F577,Minnesota,Minnesota ADAPT,5,5,4,4,4,4,4,4,4,4,4,4
F335,Wisconsin,Wisconsin Geriatrics,40,41,44,44,44,42,41,43,46,46,43,39
F152,Minnesota,Minnesota Geriatrics,52,52,50,51,50,48,49,50,49,50,48,50
F17,Minnesota,Minnesota ADAPT,3,3,3,4,3,3,2,2,2,2,2,3
F824,Minnesota,Minnesota ADAPT,3,3,3,3,3,3,3,4,4,4,4,4
F774,Wisconsin,Wisconsin Geriatrics,8,7,6,8,8,7,6,5,5,0,0,0
F414,Minnesota,Minnesota Geriatrics,6,6,5,6,6,6,6,6,6,6,6,7
F308,Florida,Florida Geriatrics,18,17,16,16,15,15,15,13,12,0,0,0
F373,Minnesota,Minnesota ADAPT,8,8,7,8,7,7,8,8,8,9,10,9
F668,Minnesota,Minnesota ADAPT,1,1,1,1,1,1,1,1,1,1,1,1
F1053,Minnesota,Minnesota Geriatrics,0,0,0,4,6,9,15,15,18,20,22,22
F99,Minnesota,Minnesota Geriatrics,18,18,18,17,16,15,18,18,18,18,19,18
F446,Minnesota,Minnesota ADAPT,5,5,4,4,4,4,4,4,4,4,4,3
F925,Minnesota,Minnesota ADAPT,4,4,4,4,3,3,3,3,3,3,3,3
F600,Minnesota,Minnesota Geriatrics,9,9,9,9,9,8,9,9,8,10,11,11
F376,Minnesota,Minnesota Geriatrics,23,21,24,32,32,31,33,32,33,33,32,31
F357,Minnesota,Minnesota ADAPT,2,2,2,2,2,2,2,2,2,2,2,2
F905,Minnesota,Minnesota ADAPT,4,4,4,4,3,3,3,3,3,3,3,3
F303,Wisconsin,Minnesota Geriatrics,11,11,11,11,11,13,13,13,12,13,12,9
F803,Minnesota,Minnesota ADAPT,3,3,3,3,3,3,3,3,4,4,4,4
F1002,Minnesota,Minnesota ADAPT,2,2,2,2,2,2,2,2,2,2,2,2
F509,Minnesota,Minnesota Geriatrics,7,7,7,6,6,6,6,6,7,6,8,6
F948,Minnesota,Minnesota ADAPT,0,2,2,2,2,2,2,2,2,2,2,2
F408,Minnesota,Minnesota Geriatrics,23,25,23,21,21,21,24,24,22,24,23,21
F1071,Minnesota,Minnesota ADAPT,0,0,0,0,4,4,4,4,4,4,4,4
F210,Minnesota,Minnesota Geriatrics,54,55,56,54,55,58,56,55,55,59,61,64
F1235,Minnesota,_n/a,1,1,1,1,1,1,1,0,0,0,0,0
F1236,Minnesota,_n/a,1,1,1,0,0,0,0,0,0,0,0,0
F524,Minnesota,Minnesota ADAPT,1,1,1,1,1,1,1,1,1,1,1,1
F375,Wisconsin,Wisconsin Geriatrics,21,20,23,30,30,29,28,28,32,34,35,34
F364,Minnesota,Minnesota ADAPT,3,4,4,4,4,4,4,3,2,2,2,2
F933,Minnesota,Minnesota ADAPT,1,1,1,1,1,1,1,1,1,1,1,1
F1026,Minnesota,Minnesota ADAPT,0,0,0,0,0,0,0,0,0,0,0,0
F80,Minnesota,Minnesota Geriatrics,24,24,23,24,25,28,28,28,29,26,27,28
F393,Minnesota,Minnesota Geriatrics,35,35,35,33,33,35,35,32,30,14,11,8
F663,Wisconsin,Wisconsin Geriatrics,7,8,8,8,8,8,7,7,7,7,0,0
F1237,_n/a,Minnesota Geriatrics,0,0,0,0,0,0,0,0,0,0,0,0
F186,Minnesota,Minnesota Geriatrics,24,22,20,19,18,16,16,15,15,15,15,15
F740,Wisconsin,Wisconsin Geriatrics,11,10,11,11,10,8,8,7,7,0,0,0
F487,Minnesota,Minnesota Geriatrics,43,48,48,46,48,48,48,45,44,45,45,44
F657,Minnesota,Minnesota ADAPT,1,1,1,1,1,1,1,1,1,1,1,1
F486,Florida,Florida Geriatrics,12,12,12,12,11,10,10,9,8,5,0,0
F176,Minnesota,Minnesota ADAPT,1,1,1,1,1,1,1,1,1,1,1,1
F526,Minnesota,Minnesota ADAPT,50,48,49,49,49,49,50,49,48,48,48,47
F340,Minnesota,Minnesota Geriatrics,41,36,36,35,33,35,36,36,36,33,30,30
F61,Florida,Florida Geriatrics,34,34,32,31,33,34,33,35,38,38,38,34
F323,Florida,Florida Geriatrics,71,68,68,65,63,59,57,53,53,49,49,49
F1095,Florida,Florida Geriatrics,0,0,0,0,1,1,1,1,1,0,0,0
F508,Wisconsin,Wisconsin Geriatrics,9,7,8,9,9,9,9,10,9,9,8,8
F250,Wisconsin,Wisconsin Geriatrics,6,6,5,4,7,6,6,8,10,11,12,12
F165,Minnesota,Minnesota Geriatrics,90,90,86,84,84,83,81,79,76,77,56,55
F1238,Minnesota,_n/a,0,0,0,0,0,0,0,0,0,0,0,0
F28,Minnesota,Minnesota Geriatrics,33,33,35,39,40,36,35,36,39,41,40,42
F734,Minnesota,Minnesota ADAPT,3,3,3,3,3,3,3,3,3,3,3,3
F222,Minnesota,Minnesota ADAPT,3,3,3,3,3,3,3,3,3,3,3,3
F232,Wisconsin,Wisconsin Geriatrics,14,13,9,9,8,8,8,10,12,16,15,13
F241,Minnesota,Minnesota Geriatrics,22,22,21,20,18,18,17,18,18,20,19,20
F705,Wisconsin,Wisconsin Geriatrics,15,14,14,15,16,14,16,15,15,15,12,14
F1022,Minnesota,Minnesota ADAPT,1,1,1,1,1,1,1,1,1,1,1,1
F586,Minnesota,Minnesota ADAPT,2,2,2,2,2,2,2,2,2,2,2,2
F347,Wisconsin,Wisconsin Geriatrics,27,28,28,28,33,34,33,33,37,38,36,30
F1239,Minnesota,_n/a,0,0,0,0,0,0,0,0,0,0,0,0
F587,Minnesota,Minnesota ADAPT,2,2,2,2,2,2,2,2,2,2,2,2
F985,Minnesota,Minnesota ADAPT,0,0,1,1,1,1,1,1,1,1,1,1
F743,Minnesota,Minnesota ADAPT,2,2,2,3,3,3,3,3,3,3,3,3
F315,Wisconsin,Minnesota Geriatrics,40,38,36,36,37,34,32,33,34,34,32,33
F447,Minnesota,Minnesota ADAPT,3,3,3,3,3,3,3,3,3,3,3,3
F592,Wisconsin,Wisconsin Geriatrics,19,18,19,18,22,22,22,22,23,24,24,24
F1065,Minnesota,Minnesota Geriatrics,0,0,0,2,3,3,4,3,3,4,4,4
F1106,Wisconsin,Wisconsin Geriatrics,0,0,0,0,0,0,0,0,1,1,3,2
F69,Florida,Florida Geriatrics,42,42,42,41,39,38,36,35,36,35,42,44
F211,Florida,Florida Geriatrics,49,49,49,49,49,48,47,44,45,46,46,49
F670,Florida,Florida Geriatrics,5,0,0,0,0,0,0,0,0,0,0,0
F551,Minnesota,Minnesota ADAPT,4,4,4,4,4,4,4,4,4,4,4,4
F1240,Minnesota,_n/a,1,1,1,1,1,1,1,1,1,1,1,1
F178,Minnesota,Minnesota ADAPT,2,2,2,3,3,3,4,4,2,2,2,2
F519,Minnesota,Minnesota ADAPT,5,5,5,5,5,5,5,5,5,5,5,5
F475,Minnesota,Minnesota ADAPT,1,1,1,1,1,1,1,1,1,1,1,1
F690,Minnesota,Minnesota ADAPT,3,3,3,3,3,2,2,2,2,2,2,2
F731,Minnesota,Minnesota ADAPT,5,5,5,5,5,5,5,5,6,6,6,6
F162,Minnesota,Minnesota Geriatrics,16,16,18,19,20,17,17,17,18,17,17,16
F939,Minnesota,Minnesota ADAPT,1,1,1,1,2,2,2,2,2,1,1,1
F627,Wisconsin,Wisconsin Geriatrics,29,29,31,31,28,25,22,22,25,24,20,21
F727,Minnesota,Minnesota ADAPT,2,2,2,2,2,2,2,2,2,2,2,2
F256,Minnesota,Minnesota ADAPT,2,2,2,2,2,2,2,2,2,2,2,2
F793,Minnesota,Minnesota ADAPT,1,1,1,1,1,1,1,1,1,2,2,2
F180,Minnesota,Minnesota ADAPT,4,4,4,4,3,3,3,3,3,3,3,3
F685,Minnesota,Minnesota ADAPT,4,4,4,4,3,3,3,3,3,3,3,3
F1123,Minnesota,Minnesota Geriatrics,0,0,0,0,0,0,0,1,10,14,17,16
F790,Wisconsin,Wisconsin Geriatrics,12,13,14,18,17,20,22,21,21,22,23,21
F237,Minnesota,Minnesota Geriatrics,27,28,27,28,27,27,24,26,25,27,30,30
F74,Minnesota,Minnesota ADAPT,2,2,2,2,2,2,2,2,2,2,2,2
F695,Florida,Florida Geriatrics,6,6,4,5,6,6,6,6,5,4,0,0
F756,Wisconsin,Wisconsin Geriatrics,4,3,3,3,3,0,0,0,0,0,0,0
F669,Minnesota,Minnesota ADAPT,8,8,8,8,8,8,8,8,8,8,7,6
F589,Minnesota,Minnesota ADAPT,3,3,3,3,3,3,3,3,3,3,3,3
F765,Minnesota,Minnesota Geriatrics,6,6,6,6,6,6,6,6,6,6,6,6
F724,Minnesota,Minnesota Geriatrics,31,30,31,34,32,34,37,38,40,42,42,40
F1241,Minnesota,_n/a,0,0,0,0,0,0,0,0,0,0,0,0
F110,Florida,Florida Geriatrics,61,60,57,61,61,62,61,57,57,57,54,53
F956,Minnesota,Minnesota ADAPT,3,3,3,3,3,3,3,3,3,3,3,3
F1096,Florida,Florida Geriatrics,0,0,0,0,0,0,3,3,5,7,6,5
F36,Wisconsin,Wisconsin Geriatrics,51,52,53,50,49,48,48,49,51,51,51,51
F763,Wisconsin,Wisconsin Geriatrics,3,3,3,3,2,2,2,2,2,2,2,2
F584,Minnesota,Minnesota ADAPT,52,53,57,59,61,57,60,60,60,60,59,61
F124,Wisconsin,Minnesota Geriatrics,37,36,37,37,37,37,35,34,37,36,33,33
F451,Minnesota,Minnesota Geriatrics,56,53,51,54,57,60,64,65,64,61,62,63
F321,Minnesota,Minnesota Geriatrics,23,25,22,21,23,22,21,20,17,23,25,27
F119,Wisconsin,Wisconsin Geriatrics,36,36,34,36,35,37,39,36,37,39,38,36
F729,Wisconsin,Wisconsin Geriatrics,11,14,13,12,14,14,16,14,15,17,18,18
F913,Minnesota,Minnesota Geriatrics,0,4,4,4,5,5,5,5,5,4,4,5
F169,Wisconsin,Wisconsin Geriatrics,49,50,49,46,42,38,35,31,30,27,26,26
F1170,Minnesota,Minnesota Geriatrics,0,0,0,0,0,0,0,0,0,0,1,1
F566,Minnesota,Minnesota ADAPT,1,1,1,1,1,1,1,1,1,1,1,1
F490,Minnesota,Minnesota Geriatrics,22,24,24,25,27,27,27,29,29,28,27,25
F764,Wisconsin,Wisconsin Geriatrics,3,3,3,3,3,3,3,3,4,4,3,3
F1242,Minnesota,Minnesota ADAPT,1,1,0,0,0,0,0,0,0,0,0,0
F820,Minnesota,Minnesota Geriatrics,13,13,17,16,15,16,15,15,16,15,15,14
F377,Minnesota,Minnesota Geriatrics,53,55,58,59,54,55,53,58,62,61,63,61
F1166,Minnesota,Minnesota ADAPT,0,0,0,0,0,0,0,0,0,0,1,1
F560,Florida,Florida Geriatrics,37,37,35,34,30,29,30,29,28,28,33,37
F1000,Minnesota,Minnesota ADAPT,2,2,2,2,2,2,2,1,1,1,1,1
F665,Minnesota,Minnesota ADAPT,1,1,1,1,0,0,0,0,1,1,1,1
F275,Minnesota,Minnesota Geriatrics,18,19,20,22,20,24,27,26,28,26,26,28
F844,Florida,Florida Geriatrics,10,10,11,12,12,13,13,13,14,14,12,10
F1101,Wisconsin,Wisconsin Geriatrics,0,0,0,0,0,0,6,7,10,10,0,0
F1243,Minnesota,_n/a,0,0,0,0,0,0,0,0,0,0,0,0
F703,Wisconsin,Wisconsin Geriatrics,19,21,25,25,25,24,24,30,32,35,33,33
F1042,Minnesota,Minnesota ADAPT,0,0,0,3,4,4,4,4,4,4,5,5
F796,Minnesota,Minnesota ADAPT,4,4,4,3,3,3,3,3,3,3,3,3
F649,Minnesota,Minnesota Geriatrics,8,8,8,8,8,8,8,9,9,7,8,8
F1244,Minnesota,_n/a,0,0,0,0,0,0,0,0,1,0,0,0
F202,Florida,Florida Geriatrics,59,61,64,64,66,69,65,63,62,63,63,62
F400,Wisconsin,Minnesota Geriatrics,11,11,12,12,11,11,8,10,11,11,8,7
F426,Minnesota,Minnesota Geriatrics,21,21,23,24,24,25,26,26,27,27,26,24
F216,Florida,Florida Geriatrics,10,39,40,39,42,43,42,42,44,44,40,38
F552,Minnesota,Minnesota ADAPT,5,5,5,5,6,6,6,6,6,6,6,6
F850,Minnesota,Minnesota ADAPT,1,1,1,1,1,1,1,2,2,2,1,2
F915,Minnesota,Minnesota ADAPT,3,3,3,3,3,3,3,3,3,3,3,3
F889,Minnesota,Minnesota ADAPT,3,3,3,3,3,3,3,2,2,2,2,2
F304,Wisconsin,Minnesota Geriatrics,13,12,10,11,12,13,13,13,13,10,10,11
F457,Florida,Florida Geriatrics,8,8,12,12,14,13,13,13,13,13,13,13
F716,Minnesota,Minnesota ADAPT,2,3,2,2,2,2,2,2,3,3,3,3
F66,Florida,Florida Geriatrics,70,68,69,67,70,67,65,68,69,69,72,75
F1077,Florida,Florida Geriatrics,0,0,0,0,2,7,7,9,10,10,13,14
F197,Minnesota,Minnesota ADAPT,3,2,2,2,2,2,2,2,2,3,3,3
F1161,Minnesota,Minnesota ADAPT,0,0,0,0,0,0,0,0,0,1,1,1
F100,Minnesota,Minnesota Geriatrics,31,31,33,37,34,37,36,35,35,35,36,34
F114,Minnesota,Minnesota ADAPT,4,4,4,4,4,4,4,4,4,3,4,4
F1114,Florida,Florida Geriatrics,0,0,0,0,0,0,0,0,0,0,0,0
F410,Florida,Florida Geriatrics,44,42,45,44,44,46,47,46,47,47,45,43
F464,Minnesota,Minnesota ADAPT,9,9,10,9,9,9,9,9,9,9,8,10
F1245,Wisconsin,Minnesota Geriatrics,1,1,1,1,1,1,1,1,1,1,1,1
F440,Minnesota,Minnesota Geriatrics,26,25,24,23,23,24,24,24,24,24,26,25
F654,Minnesota,Minnesota ADAPT,2,2,2,3,3,4,4,4,4,2,2,3
F199,Minnesota,Minnesota Geriatrics,32,37,37,37,40,42,45,46,52,59,64,63
F1036,Minnesota,Minnesota ADAPT,0,0,0,2,4,4,4,2,4,3,3,3
F372,Minnesota,Minnesota Geriatrics,50,49,47,46,47,48,48,46,49,49,49,50
F819,Wisconsin,Wisconsin Geriatrics,11,13,12,12,12,10,12,13,12,11,13,11
F869,Minnesota,Minnesota ADAPT,3,3,3,3,3,3,3,3,3,3,3,3
F749,Minnesota,Minnesota ADAPT,1,0,0,0,0,0,0,0,0,0,0,0
F553,Minnesota,Minnesota Geriatrics,11,12,11,11,12,9,12,12,11,11,10,9
F27,Florida,Florida Geriatrics,5,5,5,5,4,4,3,3,3,0,0,0
F132,Minnesota,Minnesota ADAPT,3,3,3,3,3,3,3,3,3,3,3,3
F1246,Minnesota,_n/a,1,1,1,1,1,1,1,1,1,1,1,1
F412,Florida,Florida Geriatrics,25,28,25,27,26,24,23,23,24,28,29,33
F1247,Minnesota,_n/a,0,0,0,0,0,0,0,0,0,0,0,0
F659,Minnesota,Minnesota ADAPT,2,2,2,3,2,2,2,2,2,3,3,3
F610,Wisconsin,Wisconsin Geriatrics,14,15,14,15,14,14,14,14,14,13,12,12
F379,Minnesota,Minnesota Geriatrics,73,70,70,73,73,76,76,78,80,79,79,81
F946,Minnesota,Minnesota ADAPT,3,3,3,3,3,3,3,2,2,2,2,2
F13,Wisconsin,Wisconsin Geriatrics,9,11,13,12,13,13,14,13,14,14,15,16
F438,Minnesota,Minnesota ADAPT,4,3,3,2,2,2,2,2,2,4,4,4
F1119,Minnesota,Minnesota ADAPT,0,0,0,0,0,0,0,1,1,1,1,1
F214,Florida,Florida Geriatrics,55,56,54,54,52,53,52,56,54,53,52,49
F491,Florida,Florida Geriatrics,60,63,62,64,61,59,59,58,58,63,58,59
F655,Minnesota,Minnesota ADAPT,1,1,1,1,1,1,1,1,1,1,1,1
F1248,Minnesota,_n/a,0,0,0,0,0,0,0,0,0,0,0,0
F616,Wisconsin,Wisconsin Geriatrics,15,0,0,0,0,0,0,0,0,0,0,0
F1023,Minnesota,Minnesota ADAPT,1,1,1,1,1,1,1,1,1,1,1,1
F293,Wisconsin,Wisconsin Geriatrics,50,53,54,50,53,49,50,50,49,52,49,51
F171,Wisconsin,Wisconsin Geriatrics,45,44,42,40,43,45,45,47,48,49,46,47
F230,Florida,Florida Geriatrics,3,6,16,19,23,24,25,24,25,23,25,24
F678,Wisconsin,Wisconsin Geriatrics,10,9,8,8,8,9,9,10,11,11,11,11
F184,Florida,Florida Geriatrics,11,6,1,0,0,0,0,0,0,0,0,0
F687,Minnesota,Minnesota ADAPT,4,4,5,5,5,5,5,6,5,6,6,6
F644,Minnesota,Minnesota ADAPT,3,3,3,3,3,3,3,3,3,3,3,3
F815,Minnesota,Minnesota ADAPT,3,3,3,3,3,3,3,3,3,3,3,3
F329,Wisconsin,Wisconsin Geriatrics,10,10,9,10,9,9,8,14,13,12,12,10
F961,Minnesota,Minnesota ADAPT,3,3,3,3,3,3,3,3,3,3,3,3
F467,Minnesota,Minnesota ADAPT,3,3,3,3,3,3,3,3,3,3,3,3
F469,Minnesota,Minnesota ADAPT,1,1,1,1,1,1,2,2,2,2,2,2
F801,Wisconsin,Wisconsin Geriatrics,23,22,21,20,22,24,23,22,23,24,27,30
F158,Minnesota,Minnesota Geriatrics,55,55,54,36,38,38,37,39,39,37,35,36
F607,Florida,Florida Geriatrics,25,45,48,50,51,53,54,58,62,60,61,55
F660,Florida,Florida Geriatrics,2,2,13,26,26,26,23,24,25,24,24,24
F1175,Minnesota,Minnesota ADAPT,0,0,0,0,0,0,0,0,0,0,1,1
F276,Minnesota,Minnesota Geriatrics,65,62,58,58,59,61,59,56,53,51,53,51
F1,Minnesota,Minnesota Geriatrics,36,34,34,33,32,34,39,39,45,48,49,48
F862,Minnesota,Minnesota ADAPT,3,3,3,3,3,3,3,3,3,3,3,3
F22,Florida,Florida Geriatrics,46,48,47,46,47,51,56,57,57,56,60,64
F1164,Minnesota,Minnesota Geriatrics,0,0,0,0,0,0,0,1,0,0,6,6
F809,Minnesota,_n/a,9,7,9,9,10,10,12,12,11,11,11,11
F800,Wisconsin,Wisconsin Geriatrics,11,10,11,11,12,12,10,10,8,8,9,8
F872,Wisconsin,Wisconsin Geriatrics,3,3,3,2,2,2,2,2,2,3,3,3
F1144,Minnesota,Minnesota ADAPT,0,0,0,0,0,0,0,0,1,1,1,0
F603,Minnesota,Minnesota Geriatrics,22,21,20,21,21,21,20,20,22,23,21,21
F875,Minnesota,Minnesota Geriatrics,11,11,11,11,11,11,8,8,8,7,8,8
F792,Minnesota,Minnesota ADAPT,2,2,2,3,3,3,3,3,3,3,3,3
F549,Wisconsin,Wisconsin Geriatrics,27,27,27,25,24,24,23,23,22,21,21,23
F1015,Minnesota,Minnesota ADAPT,1,1,1,1,1,1,1,0,0,0,0,0
F128,Minnesota,Minnesota Geriatrics,32,31,28,31,30,31,32,35,34,32,32,33
F1081,Minnesota,Minnesota ADAPT,1,1,1,1,1,1,1,1,1,1,1,1
F822,Minnesota,Minnesota ADAPT,1,1,1,1,1,1,1,1,1,1,1,1
F998,Minnesota,Minnesota ADAPT,1,1,1,1,1,1,1,1,1,1,1,1
F568,Wisconsin,Wisconsin Geriatrics,29,30,30,30,30,32,31,32,31,31,31,29
F311,Florida,Florida Geriatrics,80,89,88,86,84,83,78,72,74,78,76,76
F887,Minnesota,Minnesota ADAPT,4,3,3,3,3,3,3,3,3,3,3,2
F488,Minnesota,Minnesota Geriatrics,25,23,22,23,26,25,26,25,25,25,25,25
F471,Minnesota,Minnesota Geriatrics,4,6,8,12,13,10,13,14,14,14,18,17
F181,Florida,Florida Geriatrics,56,56,58,58,55,54,53,54,53,47,46,42
F435,Florida,Florida Geriatrics,51,55,55,52,54,58,59,63,70,74,79,81
F131,Minnesota,Minnesota ADAPT,1,1,1,2,2,2,2,2,2,2,2,2
F1104,Minnesota,Minnesota Geriatrics,0,0,0,0,0,2,9,11,11,12,12,12
F1249,Minnesota,_n/a,0,0,0,0,0,0,0,0,0,0,0,0
F115,Minnesota,Minnesota Geriatrics,39,39,40,39,38,37,39,39,39,39,40,40
F999,Minnesota,Minnesota ADAPT,0,0,3,3,3,3,3,3,3,3,3,3
F639,Minnesota,Minnesota Geriatrics,30,31,32,32,32,32,33,31,31,34,30,30
F865,Wisconsin,Wisconsin Geriatrics,3,3,2,2,3,4,4,5,6,6,4,4
F1082,Minnesota,Minnesota ADAPT,0,0,0,0,0,1,1,1,1,0,0,0
F899,Minnesota,Minnesota ADAPT,3,3,3,3,3,3,3,3,3,3,3,3
F1094,Minnesota,Minnesota ADAPT,0,0,0,0,0,0,4,4,4,4,4,4
F958,Minnesota,Minnesota ADAPT,0,3,3,3,4,5,5,5,5,4,4,4
F754,Minnesota,Minnesota ADAPT,6,5,6,6,6,6,6,6,6,5,5,6
F691,Minnesota,Minnesota ADAPT,1,1,1,1,1,1,1,1,1,1,1,1
F484,Minnesota,Minnesota Geriatrics,54,54,53,55,54,53,55,54,51,53,51,47
F23,Florida,Florida Geriatrics,96,104,104,104,99,97,95,97,95,94,90,91
F1127,Minnesota,Minnesota ADAPT,0,0,0,0,0,0,0,0,1,1,1,2
F173,Minnesota,Minnesota Geriatrics,62,61,61,63,61,62,61,60,58,59,58,56
F914,Minnesota,Minnesota ADAPT,1,1,1,1,1,1,1,1,1,0,0,0
F259,Minnesota,Minnesota Geriatrics,27,32,33,34,36,33,34,32,33,34,40,42
F239,Minnesota,Minnesota Geriatrics,31,29,29,29,26,23,20,19,18,16,4,4
F1083,Minnesota,Minnesota ADAPT,0,0,0,0,0,1,1,1,1,1,1,1
F386,Wisconsin,Wisconsin Geriatrics,35,37,37,39,40,37,35,38,38,38,0,0
F806,Minnesota,Minnesota ADAPT,3,3,3,3,3,3,3,3,3,3,3,3
F274,Wisconsin,Wisconsin Geriatrics,24,23,23,22,21,24,24,25,21,18,18,19
F748,Minnesota,Minnesota ADAPT,3,3,3,3,3,3,3,3,3,3,3,3
F1250,Minnesota,_n/a,0,0,0,0,0,0,0,0,0,0,0,0
F43,Minnesota,Minnesota Geriatrics,36,39,39,39,37,37,41,41,41,42,42,43
F345,Wisconsin,Wisconsin Geriatrics,23,24,26,25,24,22,22,21,21,20,21,21
F963,Minnesota,Minnesota ADAPT,1,1,1,1,1,1,1,1,1,1,1,1
F911,Minnesota,Minnesota Geriatrics,5,5,5,6,5,5,5,5,5,5,4,5
F771,Minnesota,Minnesota ADAPT,2,2,2,2,2,2,2,2,2,2,2,2
F709,Wisconsin,Wisconsin Geriatrics,8,8,8,8,8,9,9,9,9,9,8,8
F980,Minnesota,Minnesota ADAPT,1,1,1,1,1,1,1,1,1,1,1,1
F430,Wisconsin,Wisconsin Geriatrics,32,30,32,34,33,32,32,33,30,30,32,32
F520,Minnesota,Minnesota ADAPT,4,4,4,4,4,4,4,4,4,4,4,4
F415,Minnesota,Minnesota Geriatrics,5,5,5,3,4,4,4,5,5,5,4,6
F907,Minnesota,Minnesota ADAPT,4,4,4,4,4,4,4,4,4,4,4,4
F147,Florida,Florida Geriatrics,37,36,37,36,35,35,34,34,33,32,31,33
F882,Minnesota,Minnesota ADAPT,3,3,3,3,3,3,3,3,3,3,3,3
F943,Minnesota,Minnesota ADAPT,1,2,2,2,2,2,2,2,3,3,3,2
F29,Minnesota,Minnesota ADAPT,20,19,19,20,18,18,18,17,17,17,17,17
F188,Florida,Florida Geriatrics,10,10,11,12,13,13,13,13,14,15,13,12
F156,Florida,Florida Geriatrics,66,64,59,63,64,67,61,65,60,59,55,52
F900,Minnesota,Minnesota ADAPT,1,1,1,1,1,1,1,1,1,1,1,1
F1180,Minnesota,Minnesota ADAPT,0,0,0,0,0,0,0,0,0,0,1,1
F95,Florida,Florida Geriatrics,41,39,39,38,38,34,32,29,28,28,28,28
F148,Minnesota,Minnesota Geriatrics,26,26,26,26,24,25,28,28,26,25,26,25
F19,Minnesota,Minnesota Geriatrics,71,71,70,69,69,63,61,63,61,62,60,61
F269,Florida,Florida Geriatrics,17,51,51,52,57,57,52,57,54,52,48,50
F1167,Minnesota,Minnesota ADAPT,0,0,0,0,0,0,0,0,0,0,1,1
F767,Wisconsin,Wisconsin Geriatrics,15,15,14,14,13,14,15,15,15,16,17,17
F605,Florida,Florida Geriatrics,28,28,24,21,20,19,18,17,15,15,15,14
F460,Minnesota,Minnesota ADAPT,4,3,3,4,4,4,4,4,4,4,4,4
F1157,Minnesota,Minnesota ADAPT,0,0,0,0,0,0,0,0,0,0,1,1
F591,Minnesota,Minnesota Geriatrics,23,22,22,23,23,23,24,25,28,28,27,26
F358,Minnesota,Minnesota ADAPT,1,1,1,1,1,1,1,1,1,1,1,1
F708,Minnesota,Minnesota ADAPT,1,1,1,1,1,1,1,1,1,1,1,1
F699,Florida,Florida Geriatrics,16,15,15,15,17,17,18,18,21,16,16,15
F1044,Minnesota,Minnesota ADAPT,2,2,2,2,2,2,2,2,2,2,2,2
F1251,Minnesota,_n/a,0,0,0,0,0,0,0,0,0,0,0,0
F681,Minnesota,Minnesota ADAPT,1,1,1,1,1,1,1,1,1,1,1,1
F260,Wisconsin,Wisconsin Geriatrics,30,32,30,33,34,36,36,32,31,31,30,31
F70,Florida,Florida Geriatrics,17,21,17,16,16,16,15,17,17,18,19,17
F50,Minnesota,Minnesota Geriatrics,24,20,19,20,20,21,19,19,19,18,19,18
F633,Florida,Florida Geriatrics,4,5,8,8,8,8,8,8,8,7,0,0
F254,Minnesota,Minnesota ADAPT,2,2,2,2,2,2,2,2,2,2,2,2
F485,Florida,Florida Geriatrics,22,22,27,25,26,27,29,31,29,28,29,28
F723,Minnesota,Minnesota Geriatrics,25,24,25,26,25,25,21,22,23,24,24,23
F562,Florida,Florida Geriatrics,10,10,9,8,8,7,8,9,9,9,11,12
F427,Minnesota,Minnesota Geriatrics,21,22,23,22,19,21,22,22,23,23,25,26
F390,Wisconsin,Wisconsin Geriatrics,16,16,15,15,14,15,15,18,19,19,20,19
F163,Florida,Florida Geriatrics,61,62,62,56,60,62,61,64,64,67,64,61
F201,Minnesota,Minnesota Geriatrics,46,46,45,47,46,44,43,43,42,43,45,43
F429,Wisconsin,Wisconsin Geriatrics,8,10,10,10,8,8,8,8,9,9,10,10
F118,Minnesota,Minnesota Geriatrics,42,41,41,38,36,35,36,37,38,39,36,35
F565,Minnesota,Minnesota ADAPT,3,3,3,3,3,3,4,4,4,4,4,3
F1117,Minnesota,Minnesota ADAPT,0,0,0,0,0,0,0,2,3,3,3,3
F1252,Minnesota,Minnesota Geriatrics,3,3,3,3,3,4,1,1,1,1,1,1
F236,Wisconsin,Wisconsin Geriatrics,60,61,63,63,64,62,61,59,58,58,55,56
F331,Florida,Florida Geriatrics,66,63,63,64,62,56,60,60,52,51,52,53
F126,Florida,Florida Geriatrics,27,28,29,29,32,31,29,29,32,31,31,31
F213,Florida,Florida Geriatrics,53,49,50,51,47,46,46,48,47,46,48,51
F450,Minnesota,Minnesota Geriatrics,3,3,3,3,4,4,4,3,4,4,4,5
F714,Minnesota,Minnesota ADAPT,3,3,3,3,3,3,3,3,3,3,3,3
F834,Minnesota,Minnesota ADAPT,1,1,1,1,1,1,1,1,1,1,1,1
F296,Minnesota,Minnesota Geriatrics,42,39,40,43,44,42,41,40,41,41,39,39
F776,Minnesota,Minnesota ADAPT,1,1,1,1,1,1,1,1,1,1,1,1
F707,Minnesota,Minnesota ADAPT,4,4,4,4,4,4,4,4,3,3,3,4
F1145,Minnesota,Minnesota ADAPT,0,0,0,0,0,0,0,0,0,1,0,0
F1253,Minnesota,_n/a,0,0,0,0,0,0,0,0,0,0,0,0
F294,Florida,Florida Geriatrics,32,33,31,32,34,34,33,32,33,27,13,7
F1254,Minnesota,_n/a,0,0,0,0,0,0,0,0,0,0,0,0
F1151,Minnesota,Minnesota ADAPT,0,0,0,0,0,0,0,0,0,1,1,1
F257,Florida,Florida Geriatrics,6,6,6,6,5,5,3,3,0,0,0,0
F957,Minnesota,Minnesota ADAPT,4,4,4,4,4,4,4,3,3,3,3,3
F711,Minnesota,Minnesota ADAPT,2,3,3,2,2,2,2,2,1,1,1,1
F555,Florida,Florida Geriatrics,5,5,5,6,6,6,4,4,4,4,3,3
F190,Minnesota,Minnesota Geriatrics,28,30,30,27,29,30,29,29,29,26,26,30
F68,Florida,Florida Geriatrics,40,41,46,45,40,40,40,41,40,39,40,39
F842,Minnesota,Minnesota ADAPT,1,3,3,1,0,0,0,0,0,0,0,0
F87,Minnesota,Minnesota Geriatrics,26,29,29,29,27,28,28,29,27,27,29,30
F166,Minnesota,Minnesota Geriatrics,1,1,3,3,4,6,5,5,5,5,24,22
F795,Minnesota,Minnesota ADAPT,1,1,1,1,1,1,1,1,1,1,1,1
F857,Wisconsin,Wisconsin Geriatrics,11,10,10,10,10,9,8,9,9,7,7,8
F1025,Minnesota,Minnesota ADAPT,0,0,0,1,1,1,1,1,1,1,1,1
F454,Minnesota,Minnesota ADAPT,21,19,20,19,18,18,20,21,19,20,20,19
F221,Minnesota,Minnesota ADAPT,3,2,2,2,4,6,6,6,6,5,6,5
F527,Wisconsin,Wisconsin Geriatrics,15,16,17,16,18,18,18,18,18,18,0,0
F1074,Minnesota,Minnesota ADAPT,0,0,0,0,1,1,1,1,1,1,1,1
F342,Florida,Florida Geriatrics,87,92,89,90,93,92,94,98,94,90,83,80
F472,Wisconsin,Wisconsin Geriatrics,29,31,30,0,0,0,0,0,0,0,0,0
F466,Minnesota,Minnesota Geriatrics,6,8,10,10,11,12,12,15,16,16,16,17
F970,Minnesota,Minnesota ADAPT,0,0,1,1,1,1,1,1,1,0,0,0
F676,Minnesota,Minnesota ADAPT,2,2,3,3,3,4,4,4,4,4,4,4
F209,Minnesota,Minnesota Geriatrics,32,30,34,34,33,30,32,30,29,31,30,32
F582,Florida,Florida Geriatrics,11,11,14,17,16,16,17,17,14,16,15,13
F636,Wisconsin,Wisconsin Geriatrics,19,18,17,16,17,17,16,18,18,16,16,17
F306,Minnesota,Minnesota Geriatrics,35,38,11,11,10,9,10,10,10,10,9,8
F402,Minnesota,Minnesota Geriatrics,16,16,16,16,14,13,13,14,15,15,15,15
F242,Minnesota,Minnesota ADAPT,2,2,2,2,2,2,1,1,0,1,2,2
F732,Minnesota,Minnesota ADAPT,4,4,4,4,4,4,4,4,4,4,4,4
F5,Minnesota,Minnesota ADAPT,8,7,6,6,7,6,6,7,7,7,7,6
F1046,Minnesota,Minnesota ADAPT,1,1,1,1,1,1,1,1,1,1,1,1
F813,Minnesota,Minnesota ADAPT,2,3,3,3,3,3,3,3,3,3,3,3
F1255,Minnesota,_n/a,0,0,0,0,0,0,0,0,0,0,0,0
F1100,Minnesota,Minnesota ADAPT,0,0,0,0,0,0,1,1,1,1,1,1
F298,Florida,Florida Geriatrics,30,29,27,28,29,30,29,29,27,26,27,28
F753,Minnesota,Minnesota ADAPT,3,3,3,3,3,3,3,3,3,3,3,2
F625,Wisconsin,Wisconsin Geriatrics,24,26,28,26,28,25,25,24,24,25,25,26
F1256,Minnesota,_n/a,0,0,0,0,0,0,0,0,0,0,0,0
F35,Florida,Florida Geriatrics,22,22,21,23,21,22,19,20,20,19,22,22
F810,Minnesota,Minnesota ADAPT,1,1,1,1,0,0,0,0,0,0,0,0
F630,Minnesota,Minnesota ADAPT,11,11,11,12,12,12,12,12,12,13,13,13
F960,Minnesota,Minnesota ADAPT,2,2,2,2,2,2,2,2,2,2,2,2
F200,Minnesota,Minnesota Geriatrics,71,71,73,70,75,72,70,67,66,68,63,61
F811,Minnesota,Minnesota ADAPT,2,2,2,2,2,2,2,2,2,2,2,2
F1062,Minnesota,Minnesota ADAPT,0,0,0,1,1,1,1,1,1,1,2,2
F380,Florida,Florida Geriatrics,57,56,53,49,46,45,46,50,49,50,47,51
F1257,Minnesota,_n/a,0,0,0,0,0,0,0,0,0,0,1,0
F161,Minnesota,Minnesota Geriatrics,26,26,27,26,27,26,27,27,27,27,26,26
F409,Minnesota,Minnesota Geriatrics,64,64,60,60,60,61,63,66,71,71,67,67
F583,Florida,Florida Geriatrics,7,8,10,11,11,12,14,14,15,15,15,14
F396,Wisconsin,Wisconsin Geriatrics,20,21,19,19,19,20,19,18,18,17,17,17
F1258,Minnesota,Minnesota ADAPT,0,0,0,0,0,0,0,0,0,0,0,0
F75,Minnesota,Minnesota ADAPT,3,3,3,3,3,3,3,3,3,3,3,3
F32,Minnesota,Minnesota Geriatrics,31,30,29,28,28,27,28,27,27,24,23,21
F433,Minnesota,Minnesota Geriatrics,34,34,36,38,38,33,37,38,39,38,35,36
F313,Wisconsin,Wisconsin Geriatrics,50,52,50,49,52,50,52,52,53,52,52,50
F109,Florida,Florida Geriatrics,63,63,64,65,65,66,66,64,67,66,65,65
F164,Florida,Florida Geriatrics,56,55,57,56,53,52,53,49,45,47,48,49
F225,Wisconsin,Wisconsin Geriatrics,43,49,51,51,52,52,52,51,52,53,51,53
F572,Minnesota,Minnesota Geriatrics,9,9,9,12,11,12,14,13,14,14,14,14
F1012,Minnesota,Minnesota ADAPT,4,4,4,4,4,4,4,4,4,4,4,4
F972,Minnesota,Minnesota ADAPT,1,1,1,1,2,2,2,2,2,2,2,2
F6,Minnesota,Minnesota ADAPT,4,4,3,3,4,4,4,4,4,4,4,4
F839,Minnesota,Minnesota ADAPT,2,2,1,1,1,1,1,1,1,1,1,1
F863,Minnesota,Minnesota ADAPT,5,5,5,5,5,5,5,5,5,5,5,5
F512,Minnesota,Minnesota Geriatrics,6,6,6,7,7,7,7,6,6,6,5,6
F1259,Florida,_n/a,0,0,0,0,0,0,0,0,0,0,0,0
F536,Minnesota,Minnesota Geriatrics,20,20,22,21,21,21,21,21,20,21,21,20
F1136,Minnesota,Minnesota ADAPT,0,0,0,0,0,0,0,0,0,1,1,1
F81,Minnesota,Minnesota Geriatrics,23,24,23,23,20,20,20,19,21,21,21,20
F473,Wisconsin,Wisconsin Geriatrics,21,21,22,22,22,21,19,20,20,20,21,21
F814,Wisconsin,Minnesota Geriatrics,11,13,17,20,20,23,25,25,24,24,26,27
F902,Minnesota,Minnesota ADAPT,4,4,4,4,4,4,3,3,3,3,3,3
F608,Wisconsin,Wisconsin Geriatrics,10,10,12,12,14,14,14,15,17,15,16,17
F940,Minnesota,Minnesota ADAPT,2,2,2,2,2,2,2,2,2,3,3,3
F868,Wisconsin,Wisconsin Geriatrics,5,6,6,6,9,9,9,9,9,8,8,7
F1153,Minnesota,Minnesota ADAPT,0,0,0,0,0,0,0,0,0,3,4,4
F1160,Minnesota,Minnesota ADAPT,0,0,0,0,0,0,0,0,0,0,1,1
F780,Minnesota,Minnesota ADAPT,2,2,2,2,2,2,2,2,2,2,2,3
F650,Wisconsin,Wisconsin Geriatrics,11,12,12,14,14,14,13,14,14,14,13,15
F195,Wisconsin,Wisconsin Geriatrics,10,0,0,0,0,0,0,0,0,0,0,0
F529,Wisconsin,Wisconsin Geriatrics,11,13,14,14,14,14,13,13,14,14,14,12
F1181,Minnesota,Minnesota ADAPT,0,0,0,0,0,0,0,0,0,0,0,1
F240,Minnesota,Minnesota Geriatrics,88,85,83,83,83,83,85,85,85,88,90,87
F96,Florida,Florida Geriatrics,33,35,32,31,34,35,31,30,31,33,33,33
F932,Minnesota,Minnesota ADAPT,0,1,1,1,0,0,2,2,2,2,2,2
F535,Florida,Florida Geriatrics,5,4,3,4,4,5,5,5,5,5,5,5
F310,Florida,Florida Geriatrics,17,19,23,26,26,27,27,24,21,17,16,16
F387,Minnesota,Minnesota ADAPT,3,3,3,3,3,3,3,3,3,3,3,3
F965,Minnesota,Minnesota ADAPT,3,3,3,3,3,3,3,3,3,3,3,3
F947,Minnesota,Minnesota ADAPT,1,1,1,1,1,1,1,1,1,1,1,1
F9,Minnesota,Minnesota ADAPT,4,4,4,4,4,4,4,4,4,4,4,4
F864,Minnesota,Minnesota ADAPT,2,2,2,2,2,2,2,2,2,2,2,2
F962,Minnesota,Minnesota ADAPT,1,1,1,1,1,1,1,1,1,1,1,1
F952,Minnesota,Minnesota ADAPT,1,1,1,1,1,1,1,1,1,1,1,1
F1111,Minnesota,Minnesota Geriatrics,0,0,0,0,0,0,0,1,1,1,1,1
F1260,Minnesota,_n/a,0,0,0,0,0,0,0,0,1,1,1,1
F838,Minnesota,Minnesota ADAPT,2,3,2,2,2,2,2,2,2,4,4,4
F505,Minnesota,Minnesota ADAPT,1,1,1,1,1,1,1,1,1,1,1,1
F432,Wisconsin,Wisconsin Geriatrics,11,11,11,12,12,10,10,13,14,16,14,12
F1261,Minnesota,Minnesota ADAPT,1,0,0,0,0,0,0,0,0,0,0,0
F453,Minnesota,Minnesota ADAPT,3,3,3,3,3,3,3,3,3,3,3,3
F144,Florida,Florida Geriatrics,25,30,30,32,32,32,30,30,30,30,29,29
F617,Minnesota,Minnesota ADAPT,1,1,1,1,1,1,1,1,1,1,1,1
F292,Minnesota,Minnesota ADAPT,55,55,57,55,54,58,61,62,64,62,55,52
F1049,Minnesota,Minnesota ADAPT,0,0,1,1,1,1,1,1,1,1,1,1
F205,Florida,Florida Geriatrics,31,30,32,31,32,33,35,36,40,36,38,40
F784,Minnesota,Minnesota ADAPT,3,3,3,3,3,4,4,4,4,4,3,3
F130,Minnesota,Minnesota ADAPT,5,5,5,5,5,5,5,5,5,5,5,5
F828,Minnesota,Minnesota ADAPT,1,1,1,1,1,1,1,1,1,1,1,1
F424,Minnesota,Minnesota ADAPT,22,22,22,23,21,23,23,22,23,24,24,24
F672,Minnesota,Minnesota ADAPT,6,6,6,5,5,5,5,5,6,6,6,6
F751,Minnesota,Minnesota ADAPT,3,3,3,3,3,3,3,3,3,3,3,3
F888,Minnesota,Minnesota ADAPT,1,1,1,1,1,1,1,1,1,1,1,1
F218,Minnesota,Minnesota Geriatrics,25,25,24,20,23,25,25,26,27,28,28,26
F693,Minnesota,Minnesota ADAPT,4,4,4,4,4,4,4,4,3,3,4,4
F1103,Florida,Florida Geriatrics,0,0,0,0,0,0,6,10,14,16,16,16
F356,Minnesota,Minnesota ADAPT,3,3,3,3,3,3,3,3,3,3,3,3
F437,Florida,Florida Geriatrics,2,2,1,2,4,5,3,3,3,4,3,3
F108,Minnesota,Minnesota Geriatrics,25,25,24,27,26,25,24,22,24,22,20,24
F1124,Minnesota,Minnesota ADAPT,0,0,0,0,0,0,2,2,1,1,1,1
F666,Minnesota,Minnesota ADAPT,1,1,1,1,1,0,0,0,0,0,0,0
F404,Wisconsin,Wisconsin Geriatrics,24,23,23,23,24,22,24,25,26,25,25,28
F107,Minnesota,Minnesota Geriatrics,21,21,21,22,21,21,22,23,21,20,20,21
F149,Minnesota,Minnesota Geriatrics,29,30,29,32,31,30,33,31,34,34,31,29
F1262,Minnesota,Minnesota Geriatrics,6,0,0,0,0,0,0,0,0,0,0,0
F363,Minnesota,Minnesota ADAPT,3,3,3,3,3,2,2,2,2,1,1,1
F328,Wisconsin,Wisconsin Geriatrics,18,19,18,15,16,16,16,16,16,17,16,16
F477,Minnesota,Minnesota ADAPT,4,4,3,3,3,3,3,2,2,2,2,1
F778,Minnesota,Minnesota ADAPT,2,2,2,2,2,2,2,2,2,2,2,2
F746,Minnesota,Minnesota ADAPT,1,1,1,1,0,0,0,0,0,0,0,0
F333,Florida,Florida Geriatrics,46,47,48,56,54,54,56,56,56,55,62,62
F1011,Florida,Florida Geriatrics,0,0,1,8,10,9,12,14,16,16,20,22
F1040,Wisconsin,Wisconsin Geriatrics,0,0,0,7,14,27,29,31,32,33,33,34
F936,Minnesota,Minnesota ADAPT,2,2,2,2,2,2,2,2,2,2,2,2
F281,Florida,Florida Geriatrics,17,17,15,14,14,15,15,15,12,12,11,11
F401,Minnesota,Minnesota Geriatrics,15,15,14,14,14,13,13,13,12,11,13,13
F688,Minnesota,Minnesota ADAPT,3,3,3,3,3,3,3,3,3,4,4,4
F1143,Wisconsin,Wisconsin Geriatrics,0,0,0,0,0,0,0,0,0,0,0,1
F944,Minnesota,Minnesota ADAPT,3,3,3,3,3,3,3,3,3,3,3,3
F1263,Minnesota,_n/a,0,0,0,0,0,0,0,0,0,0,0,0
F63,Florida,Florida Geriatrics,31,30,30,29,32,30,33,37,35,35,37,40
F1009,Minnesota,Minnesota ADAPT,1,1,1,1,1,1,1,1,1,1,1,1
F151,Florida,Florida Geriatrics,21,22,23,23,23,23,22,21,24,23,24,22
F656,Minnesota,Minnesota ADAPT,2,2,2,2,2,2,2,2,2,2,2,2
F1014,Minnesota,Minnesota ADAPT,0,0,2,3,3,3,3,3,3,3,3,3
F383,Wisconsin,Wisconsin Geriatrics,5,5,6,5,6,0,0,0,0,0,0,0
F78,Minnesota,Minnesota Geriatrics,63,56,57,57,59,60,59,57,58,58,59,58
F615,Minnesota,Minnesota ADAPT,4,4,4,4,4,4,4,4,4,4,3,3
F1264,Minnesota,_n/a,0,0,0,0,0,0,0,0,0,0,0,0
F1265,Florida,Florida Geriatrics,0,0,0,0,0,0,0,0,0,0,0,0
F661,Minnesota,Minnesota Geriatrics,5,5,6,6,6,6,6,6,6,6,6,6
F1266,Minnesota,_n/a,0,0,0,0,0,0,0,0,0,0,0,0
F51,Wisconsin,Wisconsin Geriatrics,9,10,10,10,10,10,10,10,10,11,11,11
F1176,Wisconsin,Wisconsin Geriatrics,0,0,0,0,0,0,0,0,0,0,0,3
F934,Minnesota,Minnesota ADAPT,2,2,2,2,2,2,2,2,2,2,2,2
F494,Florida,Florida Geriatrics,19,16,13,12,11,11,10,10,0,0,0,0
F220,Minnesota,Minnesota ADAPT,2,2,2,2,2,2,2,2,2,2,2,2
F826,Minnesota,Minnesota ADAPT,2,0,0,0,0,0,0,0,0,0,0,0
F1126,Wisconsin,Wisconsin Geriatrics,0,0,0,0,0,0,0,0,2,2,2,2
F901,Minnesota,Minnesota ADAPT,4,4,3,3,4,4,4,4,2,3,3,3
F354,Minnesota,Minnesota ADAPT,4,3,3,3,3,2,2,2,2,2,2,2
F667,Minnesota,Minnesota ADAPT,2,2,2,2,2,2,2,2,2,2,2,2
F470,Wisconsin,Wisconsin Geriatrics,7,7,7,7,7,6,6,6,6,5,0,0
F979,Minnesota,Minnesota ADAPT,4,3,3,3,3,3,3,3,3,3,3,3
F1037,Minnesota,Minnesota ADAPT,0,0,0,3,5,5,6,6,6,6,6,6
F827,Minnesota,Minnesota ADAPT,4,4,4,4,3,3,3,3,3,3,3,4
F514,Minnesota,Minnesota ADAPT,4,4,4,4,4,4,4,4,4,4,4,4
F521,Minnesota,Minnesota ADAPT,4,4,4,4,4,4,4,4,4,4,4,4
F766,Minnesota,Minnesota Geriatrics,6,6,6,6,4,4,3,6,5,4,4,4
F374,Minnesota,Minnesota ADAPT,8,8,7,7,7,8,8,7,8,8,8,8
F878,Minnesota,Minnesota ADAPT,1,1,1,1,1,1,1,1,1,1,1,1
F1138,Florida,Florida Geriatrics,0,0,0,0,0,0,0,0,0,5,7,10
F104,Wisconsin,Wisconsin Geriatrics,14,13,13,12,12,13,11,11,10,11,12,12
F867,Minnesota,Minnesota ADAPT,2,2,2,2,2,2,2,3,3,3,3,3
F770,Minnesota,Minnesota ADAPT,5,4,4,4,4,4,4,4,4,4,4,4
F1007,Minnesota,Minnesota ADAPT,2,2,2,2,2,2,2,2,2,2,2,2
F1013,Minnesota,Minnesota ADAPT,0,0,1,0,0,0,0,0,0,0,0,0
F825,Minnesota,Minnesota ADAPT,3,4,4,4,4,4,4,4,3,2,2,2
F713,Minnesota,Minnesota Geriatrics,30,32,34,32,30,29,29,30,28,26,27,29
F289,Wisconsin,Wisconsin Geriatrics,33,33,37,37,33,33,35,35,31,32,33,35
F679,Minnesota,Minnesota ADAPT,4,4,4,4,4,3,3,3,2,2,2,2
F273,Wisconsin,Wisconsin Geriatrics,25,26,28,26,27,29,29,28,28,28,27,29
F537,Minnesota,Minnesota Geriatrics,9,9,10,10,10,11,10,10,10,10,9,10
F733,Minnesota,Minnesota Geriatrics,10,10,10,10,10,10,9,8,10,9,10,12
F1055,Minnesota,Minnesota ADAPT,2,2,2,2,2,2,2,2,2,2,2,2
F700,Minnesota,Minnesota Geriatrics,22,22,23,24,25,24,24,23,22,22,23,24
F406,Minnesota,Minnesota Geriatrics,18,17,18,18,18,17,18,20,22,26,22,24
F738,Minnesota,Minnesota ADAPT,1,2,2,2,2,2,2,2,2,2,2,2
F145,Florida,Florida Geriatrics,27,27,27,28,28,29,30,27,27,29,27,26
F722,Minnesota,Minnesota ADAPT,4,4,4,4,4,4,4,4,4,4,4,4
F215,Minnesota,Minnesota Geriatrics,40,37,37,37,37,36,34,32,32,30,29,29
F403,Minnesota,Minnesota Geriatrics,13,15,16,16,17,16,13,12,13,13,16,16
F543,Florida,Florida Geriatrics,17,16,15,14,13,14,16,16,15,14,14,14
F1267,Minnesota,_n/a,10,5,5,1,1,1,0,0,0,0,0,0
F1118,Minnesota,Minnesota ADAPT,0,0,0,0,0,1,1,1,1,1,1,1
F692,Minnesota,Minnesota ADAPT,3,3,2,2,2,2,2,2,2,2,2,1
F497,Florida,Florida Geriatrics,9,13,13,13,13,14,14,12,11,10,11,10
F442,Wisconsin,Wisconsin Geriatrics,11,14,14,13,12,12,14,14,14,13,15,14
F337,Minnesota,Minnesota ADAPT,1,1,2,2,2,2,2,2,2,2,2,2
F1135,Minnesota,Minnesota ADAPT,0,0,0,0,0,0,0,0,0,1,1,1
F255,Minnesota,Minnesota ADAPT,2,2,2,2,1,1,1,1,1,1,1,1
F1268,Florida,_n/a,0,0,0,0,0,0,0,0,0,0,0,0
F479,Wisconsin,Wisconsin Geriatrics,20,20,19,18,17,17,17,20,23,21,23,22
F495,Minnesota,Minnesota Geriatrics,33,32,34,37,38,40,42,55,65,72,72,73
F557,Wisconsin,Wisconsin Geriatrics,5,5,5,5,5,0,0,0,0,0,0,0
F1269,Minnesota,Minnesota ADAPT,0,0,0,0,0,0,0,0,0,0,0,1
F879,Minnesota,Minnesota ADAPT,4,4,4,4,4,4,4,3,3,4,3,3
F860,Minnesota,Minnesota ADAPT,1,0,0,0,0,0,0,0,0,0,0,0
F928,Minnesota,Minnesota ADAPT,0,2,2,2,2,3,3,3,3,3,3,2
F982,Minnesota,Minnesota ADAPT,1,1,1,1,1,1,1,1,1,1,1,1
F741,Minnesota,Minnesota ADAPT,3,3,3,3,3,2,2,2,2,2,2,2
F413,Minnesota,Minnesota Geriatrics,5,6,5,5,6,5,5,4,4,4,4,4
F1001,Minnesota,Minnesota ADAPT,0,2,2,2,2,2,2,2,2,2,2,2
F290,Minnesota,Minnesota ADAPT,2,2,2,2,2,2,2,2,2,2,2,2
F966,Minnesota,Minnesota ADAPT,3,3,3,3,3,3,3,3,3,3,3,3
F986,Minnesota,Minnesota ADAPT,1,1,1,1,1,1,1,1,1,1,1,1
F42,Florida,Florida Geriatrics,49,50,50,49,53,51,48,47,47,45,49,49
F1067,Minnesota,Minnesota ADAPT,0,0,0,1,1,1,1,1,1,1,1,1
F1051,Wisconsin,Wisconsin Geriatrics,0,0,0,5,6,9,11,11,13,11,8,8
F653,Minnesota,Minnesota ADAPT,2,2,2,1,2,2,1,1,1,3,3,2
F997,Minnesota,Minnesota ADAPT,2,2,3,3,3,3,3,3,3,3,3,3
F1270,Minnesota,_n/a,0,0,0,0,0,0,0,0,0,0,0,0
F916,Minnesota,Minnesota ADAPT,1,1,1,1,1,1,1,1,1,1,2,2
F316,Florida,Florida Geriatrics,21,22,23,23,25,26,24,23,24,24,25,22
F558,Wisconsin,Wisconsin Geriatrics,34,35,35,34,32,30,31,32,32,34,37,38
F855,Minnesota,Minnesota ADAPT,1,2,2,0,0,0,0,0,0,0,0,0
F137,Wisconsin,Wisconsin Geriatrics,29,33,34,33,36,35,35,38,38,39,40,39
F31,Minnesota,Minnesota Geriatrics,42,42,43,42,41,43,44,45,44,41,44,44
F452,Minnesota,Minnesota Geriatrics,22,24,27,27,27,26,26,26,26,26,25,24
F1271,Minnesota,_n/a,1,1,1,1,1,1,1,1,1,0,0,0
F1272,Florida,_n/a,0,0,0,0,0,0,0,0,0,0,0,0
F975,Minnesota,Minnesota ADAPT,4,4,4,4,4,4,4,4,4,4,4,3
F702,Florida,Florida Geriatrics,14,12,11,11,11,8,8,6,5,0,0,0
F873,Minnesota,Minnesota ADAPT,1,1,1,1,1,1,1,1,1,1,1,1
F858,Wisconsin,Wisconsin Geriatrics,10,10,10,9,9,9,9,9,9,8,8,8
F1273,Wisconsin,Wisconsin Geriatrics,0,0,0,0,0,0,0,0,0,0,0,0
F852,Minnesota,Minnesota ADAPT,3,3,3,3,3,2,2,2,2,2,2,2
F909,Minnesota,Minnesota ADAPT,3,3,3,2,3,3,3,3,3,3,3,3
F359,Minnesota,Minnesota ADAPT,1,1,1,1,1,1,1,1,1,1,1,1
F286,Wisconsin,Wisconsin Geriatrics,13,13,14,13,12,12,14,12,11,11,11,11
F619,Minnesota,Minnesota ADAPT,11,11,12,14,14,13,13,13,13,14,14,14
F1274,Minnesota,_n/a,0,0,0,0,0,0,0,0,0,0,0,0
F682,Minnesota,Minnesota ADAPT,3,3,3,2,2,2,2,2,2,2,2,2
F219,Wisconsin,Wisconsin Geriatrics,33,30,29,29,27,26,25,25,24,25,25,25
F720,Minnesota,Minnesota ADAPT,1,1,1,1,0,0,0,0,0,0,1,1
F167,Minnesota,Minnesota ADAPT,3,3,3,3,3,3,3,3,3,3,3,3
F1275,Minnesota,_n/a,0,0,0,0,0,0,0,0,0,0,0,0
F830,Minnesota,Minnesota Geriatrics,28,28,27,29,28,25,25,26,27,28,29,28
F1276,Minnesota,_n/a,0,0,0,0,0,0,0,0,0,0,0,0
F755,Minnesota,Minnesota ADAPT,2,2,2,2,2,2,2,2,2,2,2,2
F917,Minnesota,Minnesota ADAPT,1,1,1,1,1,1,1,1,1,1,1,1
F272,Florida,Florida Geriatrics,28,29,33,34,31,29,28,29,28,28,26,25
F1090,Minnesota,Minnesota ADAPT,0,0,0,0,0,2,2,2,2,2,2,2
F1150,Minnesota,Minnesota ADAPT,0,0,0,0,0,0,0,0,0,1,1,1
F392,Florida,Florida Geriatrics,29,28,27,27,27,26,24,24,25,24,22,21
F436,Wisconsin,Minnesota Geriatrics,33,30,29,28,27,27,26,26,27,28,28,27
F10,Minnesota,Minnesota Geriatrics,6,8,10,10,11,11,13,14,15,18,18,18
F1277,Minnesota,Minnesota ADAPT,0,0,0,0,0,0,0,0,0,0,0,0
F515,Minnesota,Minnesota ADAPT,2,1,1,1,1,1,1,0,0,0,0,0
F346,Wisconsin,Wisconsin Geriatrics,10,10,11,11,10,10,11,9,10,10,12,12
F919,Minnesota,Minnesota ADAPT,5,5,5,5,4,4,4,4,4,4,4,4
F990,Minnesota,Minnesota ADAPT,1,1,1,1,1,2,2,2,2,2,2,2
F481,Minnesota,Minnesota Geriatrics,41,40,40,40,39,39,40,40,40,41,41,39
F949,Florida,Florida Geriatrics,0,1,1,3,0,0,0,0,0,0,0,0
F85,Florida,Florida Geriatrics,60,59,59,59,60,59,60,67,64,63,63,60
